household_key,frequency,monetary,units,discount_amount,recency,avg_order_value,discount_sensitivity,purchase_interval,category_diversity,preferred_category,preferred_brand,campaign_exposures
1,79,4038.98,1883,663.3299999999999,8,51.12632911392405,0.14106471074854698,8.0,126,BAKED BREAD/BUNS/ROLLS,National,8.0
2,45,1954.34,834,334.99,15,43.42977777777777,0.14632665452337584,12.840909090909092,140,SOFT DRINKS,National,1.0
3,46,2616.83,8517,661.8,8,56.88760869565217,0.20185260306896477,12.488888888888889,108,BEEF,National,3.0
4,30,1200.1100000000001,382,115.64999999999999,56,40.00366666666667,0.08789596886970266,18.03448275862069,63,CIGARETTES,National,1.0
5,38,749.09,242,118.33000000000001,94,19.712894736842106,0.13641603836665053,13.621621621621621,75,ISOTONIC DRINKS,National,0.0
6,242,5784.0,94618,806.72,0,23.90082644628099,0.12240240823460866,2.3443983402489628,151,BEEF,National,4.0
7,52,2989.23,1365,420.95,13,57.48519230769231,0.12343923194670077,12.686274509803921,152,FRZN MEAT/MEAT DINNERS,National,4.0
8,110,5233.46,68194,1027.31,2,47.57690909090909,0.1640868455477521,5.651376146788991,178,FRZN MEAT/MEAT DINNERS,National,10.0
9,19,766.41,343,180.22,3,40.33736842105263,0.19038061333361503,32.0,71,COLD CEREAL,National,0.0
10,8,193.46,88,16.23,14,24.1825,0.07739997138633221,79.28571428571429,34,FRZN MEAT/MEAT DINNERS,National,0.0
11,5,33.39,20,10.98,271,6.678,0.24746450304259635,75.5,14,DINNER SAUSAGE,National,0.0
12,7,266.21,103,32.7,179,38.029999999999994,0.10939747750158912,72.0,48,MILK BY-PRODUCTS,National,0.0
13,262,12566.35,1781092,1554.5300000000002,2,47.9631679389313,0.11008733166771477,2.2222222222222223,158,COUPON/MISC ITEMS,National,10.0
14,135,2714.3,118293,584.2,1,20.105925925925927,0.1771108079430044,5.059701492537314,111,COUPON/MISC ITEMS,National,5.0
15,47,895.64,430,152.9,1,19.056170212765956,0.145821809373033,14.347826086956522,86,FLUID MILK PRODUCTS,National,0.0
16,97,1506.94,81198,171.09,7,15.535463917525774,0.10195884459753402,6.020833333333333,109,COUPON/MISC ITEMS,National,2.0
17,123,5116.04,286936,1109.5500000000002,22,41.59382113821138,0.17822407193535073,5.221311475409836,122,COUPON/MISC ITEMS,National,5.0
18,153,6728.64,234542,913.6600000000001,0,43.97803921568627,0.11955301414495637,3.875,143,DOMESTIC WINE,National,4.0
19,404,10902.54,484626,2945.7299999999996,1,26.986485148514852,0.2127146567766226,1.511166253101737,176,COUPON/MISC ITEMS,National,9.0
20,367,7042.39,453217,771.44,0,19.18907356948229,0.09872751262825018,1.644808743169399,115,COUPON/MISC ITEMS,National,7.0
21,27,870.11,38801,165.66,1,32.2262962962963,0.15993898259266054,23.46153846153846,86,LAWN AND GARDEN SHOP,National,0.0
22,129,5954.66,415734,773.49,5,46.16015503875969,0.11496325141383591,5.1015625,140,COUPON/MISC ITEMS,National,8.0
23,107,2996.75,167315,265.41,0,28.007009345794394,0.08136020305564412,5.415094339622642,126,BEERS/ALES,National,3.0
24,69,1733.31,860,406.40999999999997,0,25.120434782608694,0.18993606640121138,9.176470588235293,91,SOFT DRINKS,National,0.0
25,93,3108.7200000000003,37369,517.89,1,33.42709677419355,0.1428027827640689,7.293478260869565,113,CIGARETTES,National,4.0
26,106,1794.65,971,298.78000000000003,6,16.930660377358492,0.14272270866472725,5.9714285714285715,115,FRZN MEAT/MEAT DINNERS,National,1.0
27,380,5396.73,2884,458.1,0,14.201921052631578,0.0782430916012933,1.7097625329815302,88,BEERS/ALES,National,7.0
28,123,2081.2,32850,300.71999999999997,3,16.92032520325203,0.1262510915563915,4.631147540983607,109,SOFT DRINKS,National,4.0
29,66,1300.04,656,291.90999999999997,24,19.697575757575756,0.1833663117560225,9.615384615384615,83,FROZEN PIZZA,National,5.0
30,26,561.46,64799,92.63,11,21.594615384615388,0.141616597104374,23.8,64,COUPON/MISC ITEMS,Private,0.0
31,63,3949.18,336185,859.0699999999999,0,62.68539682539682,0.17866583476316747,9.419354838709678,133,COUPON/MISC ITEMS,National,2.0
32,111,3206.9700000000003,264260,369.45,7,28.891621621621624,0.10330162564799436,5.7,146,COUPON/MISC ITEMS,National,6.0
33,48,1128.05,22867,272.27,9,23.501041666666666,0.19443412934186471,12.0,74,BEEF,National,0.0
34,32,355.95,10259,66.97,5,11.1234375,0.1583514612692708,21.741935483870968,53,BEEF,National,0.0
35,56,968.77,43833,130.04,46,17.299464285714286,0.11834621090088368,11.2,76,SOFT DRINKS,National,0.0
36,213,4570.61,10536,825.3299999999999,2,21.45826291079812,0.15295388755249317,2.797169811320755,126,FRZN MEAT/MEAT DINNERS,National,3.0
37,58,2558.93,73557,505.16999999999996,1,44.119482758620684,0.16486733461701641,10.43859649122807,65,SOFT DRINKS,National,2.0
38,27,706.13,275,59.16,132,26.152962962962963,0.0773040285382012,17.26923076923077,68,SOFT DRINKS,National,1.0
39,63,4943.1,13731,795.9,8,78.46190476190476,0.13868269733403032,10.46774193548387,171,SOFT DRINKS,National,5.0
40,374,12177.37,1157668,1203.38,0,32.5598128342246,0.0899336733740635,1.6300268096514745,191,COUPON/MISC ITEMS,Private,11.0
41,70,2921.08,1377,577.3199999999999,4,41.72971428571429,0.16502401097644637,8.81159420289855,89,BEEF,National,1.0
42,86,1955.8600000000001,1356,531.55,0,22.742558139534882,0.21369617393192114,6.858823529411764,75,FRZN MEAT/MEAT DINNERS,National,3.0
43,102,867.72,43017,88.38999999999999,2,8.507058823529412,0.09244752172867138,5.603960396039604,70,INFANT FORMULA,National,5.0
44,31,877.76,395,133.74,55,28.31483870967742,0.1322194760257044,18.233333333333334,91,MEAT - MISC,National,0.0
45,57,807.09,302,64.5,96,14.159473684210527,0.07400268474856297,8.696428571428571,64,SINUS AND ALLERGY,National,1.0
46,130,7898.3,94766,1433.8200000000002,7,60.75615384615385,0.15364354508943306,5.131782945736434,195,COUPON/MISC ITEMS,National,9.0
47,105,2159.61,700,274.18,5,20.56771428571429,0.11265557011903246,5.471153846153846,133,BEEF,National,3.0
48,48,1074.31,41556,194.64,32,22.38145833333333,0.15338665826076678,11.46808510638298,82,FRZN MEAT/MEAT DINNERS,National,2.0
49,114,6082.28,413020,1378.8999999999999,8,53.35333333333333,0.1848099094245146,5.433628318584071,160,COUPON/MISC ITEMS,National,6.0
50,15,351.39,146,38.300000000000004,8,23.426,0.09828325078908877,40.142857142857146,53,BEERS/ALES,National,0.0
51,80,2797.2,1170,321.24,14,34.964999999999996,0.1030130449840305,8.291139240506329,108,DELI MEATS,National,4.0
52,133,5106.05,193292,526.52,0,38.39135338345865,0.09347775526979692,5.075757575757576,176,COUPON/MISC ITEMS,National,6.0
53,53,1841.25,72667,355.99,6,34.740566037735846,0.16201689392146512,11.615384615384615,100,FRZN MEAT/MEAT DINNERS,National,0.0
54,11,103.09,42,18.53,188,9.371818181818183,0.152359809241901,46.1,19,SOFT DRINKS,National,0.0
55,137,1030.92,413,190.45000000000002,3,7.524963503649635,0.15593145402294145,4.507352941176471,80,AUDIO/VIDEO PRODUCTS,National,4.0
56,194,6391.2,11006,1184.6399999999999,3,32.94432989690721,0.15637077868592789,3.0259067357512954,179,SOFT DRINKS,National,2.0
57,182,2948.23,131399,481.31,0,16.199065934065935,0.14034243659499526,3.4861878453038675,137,COUPON/MISC ITEMS,National,4.0
58,257,9929.8,1158855,1491.0099999999998,1,38.63735408560311,0.13055203615155142,2.34765625,183,COUPON/MISC ITEMS,National,10.0
59,43,1598.41,35717,353.45000000000005,18,37.17232558139535,0.1810836842806349,14.238095238095237,119,BEEF,National,0.0
60,7,396.76,11179,216.37,36,56.68,0.352894166000685,92.66666666666667,57,PREPAID WIRELESS&ACCESSORIES,National,0.0
61,9,167.55,60,51.410000000000004,208,18.616666666666667,0.23479174278407017,49.625,22,SOFT DRINKS,National,0.0
62,33,359.29,270,72.99000000000001,14,10.887575757575759,0.16884889423521793,18.84375,85,FLUID MILK PRODUCTS,National,0.0
63,32,573.67,152,70.69,8,17.9271875,0.10970575454714757,19.032258064516128,33,CIGARETTES,National,0.0
64,245,3616.25,1727,523.8,2,14.760204081632653,0.1265202111085615,2.75,144,NO COMMODITY DESCRIPTION,National,4.0
65,122,2042.17,606,229.21999999999997,12,16.73909836065574,0.10091617907977053,5.24793388429752,121,DOG FOODS,National,6.0
66,28,363.68,227,75.24000000000001,73,12.98857142857143,0.17142076004738907,18.22222222222222,69,DIAPERS & DISPOSABLES,National,0.0
67,215,9215.45,320192,2406.04,2,42.86255813953489,0.20703369361415788,2.7009345794392523,188,COUPON/MISC ITEMS,National,8.0
68,540,4835.1,190461,952.2099999999999,0,8.953888888888889,0.16453412725428565,1.2578849721706864,164,SOFT DRINKS,National,10.0
69,172,5397.63,2762,1003.9100000000001,0,31.38156976744186,0.15682320191703872,3.491228070175439,151,BEEF,National,7.0
70,30,74.42,49,9.69,25,2.4806666666666666,0.11520627749375817,22.413793103448278,12,NEWSPAPER,National,0.0
71,87,3316.29,12486,512.52,0,38.11827586206896,0.13385882297632945,7.209302325581396,107,CIGARETTES,National,2.0
72,104,6350.61,140813,989.6299999999999,3,61.06355769230769,0.13482256710952228,5.883495145631068,168,COUPON/MISC ITEMS,National,7.0
73,164,2864.18,215984,242.74,21,17.46451219512195,0.07812882211321824,3.6993865030674846,114,COUPON/MISC ITEMS,National,4.0
74,130,2047.64,1480,864.8299999999999,27,15.751076923076925,0.29694039766933217,4.829457364341085,108,SOFT DRINKS,National,5.0
75,59,996.41,164145,165.77,14,16.888305084745763,0.14263711301175377,10.0,47,COUPON/MISC ITEMS,National,0.0
76,15,298.95,163,76.57000000000001,34,19.93,0.20390391989774181,43.214285714285715,61,CONDIMENTS/SAUCES,National,0.0
77,84,5866.4400000000005,2762,1188.56,0,69.83857142857144,0.16847058823529412,8.168674698795181,169,FLUID MILK PRODUCTS,National,2.0
78,197,2366.2200000000003,1477,382.72,1,12.011269035532996,0.13922457383573303,3.0306122448979593,91,FRZN MEAT/MEAT DINNERS,National,5.0
79,138,3684.73,213650,760.98,1,26.70094202898551,0.17117175884166982,4.233576642335766,168,COUPON/MISC ITEMS,National,1.0
80,89,2842.0,122924,798.86,4,31.93258426966292,0.21941519311371488,7.113636363636363,139,COUPON/MISC ITEMS,National,2.0
81,147,5538.49,2928,1139.89,1,37.676802721088436,0.17068360889916417,4.342465753424658,159,FROZEN PIZZA,National,4.0
82,48,545.5600000000001,139,87.4,7,11.365833333333335,0.1380813953488372,12.659574468085106,30,BEEF,National,0.0
83,108,1170.24,42127,183.92000000000002,6,10.835555555555556,0.13581851479884208,5.953271028037383,94,COUPON/MISC ITEMS,National,1.0
84,50,1161.08,8678,147.68,15,23.2216,0.11283963446315597,12.714285714285714,103,HOUSEHOLD CLEANG NEEDS,National,0.0
85,269,4475.11,133098,903.97,1,16.636096654275093,0.1680529012396172,2.4813432835820897,162,COUPON/MISC ITEMS,National,8.0
86,46,4019.44,16370,516.38,10,87.37913043478261,0.11384490566204127,13.444444444444445,153,SOFT DRINKS,National,2.0
87,42,1141.25,381,81.35,7,27.172619047619047,0.06653852445607722,14.414634146341463,70,FROZEN,National,0.0
88,220,11119.2,301779,2141.5499999999997,4,50.541818181818186,0.1614953905322097,2.7031963470319633,184,SOFT DRINKS,National,12.0
89,11,177.56,52,9.93,45,16.14181818181818,0.05296282468398314,52.8,21,BOOKSTORE,National,0.0
90,10,490.41,16694,57.209999999999994,6,49.041,0.10447025309521199,65.33333333333333,45,COLD CEREAL,National,0.0
91,171,2707.18,273325,290.16999999999996,2,15.831461988304092,0.0968088478155704,3.676470588235294,125,COUPON/MISC ITEMS,National,2.0
92,54,1460.08,11054,403.46,16,27.03851851851852,0.2165019264410745,10.679245283018869,129,FRZN VEGETABLE/VEG DSH,National,1.0
93,106,3346.7200000000003,23269,596.15,132,31.572830188679248,0.1511969707345157,5.171428571428572,106,FRZN MEAT/MEAT DINNERS,National,12.0
94,34,438.58,17961,109.27,6,12.899411764705881,0.1994524048553436,17.87878787878788,56,COUPON/MISC ITEMS,National,0.0
95,291,6228.05,409320,1873.52,0,21.402233676975946,0.23125394213714132,2.0517241379310347,159,COUPON/MISC ITEMS,National,5.0
96,57,1155.0,408,163.53000000000003,278,20.263157894736842,0.12402448180928764,6.857142857142857,83,CHICKEN,National,2.0
97,174,5110.87,378638,948.96,1,29.37281609195402,0.1565984524318339,3.69364161849711,136,COUPON/MISC ITEMS,National,4.0
98,190,2333.37,1654,489.03,0,12.280894736842106,0.17326743197278913,3.6084656084656084,135,FRZN MEAT/MEAT DINNERS,National,2.0
99,248,6822.87,51346,1158.37,2,27.51157258064516,0.14513659531601605,2.408906882591093,188,FLUID MILK PRODUCTS,National,4.0
100,31,2221.42,123075,381.05000000000007,5,71.65870967741935,0.14641859464278167,22.4,96,COUPON/MISC ITEMS,National,0.0
101,224,6369.8,343943,2008.2199999999998,1,28.436607142857145,0.23970102721168005,2.5381165919282513,118,SOFT DRINKS,National,5.0
102,8,304.84000000000003,139,53.16,504,38.105,0.14849162011173184,18.714285714285715,45,ICE CREAM/MILK/SHERBTS,National,0.0
103,47,522.21,270,94.22999999999999,15,11.110851063829788,0.15286159236908697,12.543478260869565,79,BEEF,National,1.0
104,115,5731.64,40529,1387.58,7,49.84034782608696,0.19490618354257908,4.947368421052632,147,INFANT FORMULA,National,8.0
105,149,4182.58,2782,1258.34,0,28.071006711409396,0.23127338758886362,4.5608108108108105,133,BEEF,National,8.0
106,55,1558.0,162058,137.52,4,28.327272727272728,0.08110786071529678,10.75925925925926,110,COUPON/MISC ITEMS,National,0.0
107,41,1222.83,116913,173.37,1,29.82512195121951,0.12417275461968201,15.4,77,COUPON/MISC ITEMS,National,0.0
108,61,2663.77,69519,373.27,27,43.66836065573771,0.12290585570160419,9.533333333333333,155,DIAPERS & DISPOSABLES,National,4.0
109,97,3221.62,1420,422.97,3,33.21257731958763,0.11605420637163577,5.885416666666667,150,BEEF,National,4.0
110,176,3376.1,192420,588.39,6,19.182386363636365,0.14841505464763438,3.4857142857142858,159,COUPON/MISC ITEMS,National,4.0
111,50,1490.19,37160,347.56000000000006,5,29.803800000000003,0.18912256835804656,13.571428571428571,132,COUPON/MISC ITEMS,National,1.0
112,77,1303.61,177276,83.07999999999998,7,16.930000000000003,0.05991245339621688,8.342105263157896,72,COUPON/MISC ITEMS,National,1.0
113,214,14705.94,1044770,2110.04,1,68.71934579439252,0.1254782653166809,2.751173708920188,214,COUPON/MISC ITEMS,National,11.0
114,85,3194.14,68091,513.6700000000001,2,37.578117647058825,0.13853730369139736,8.023809523809524,140,SOFT DRINKS,National,4.0
115,191,12676.31,892511,1565.5300000000002,6,66.36811518324608,0.10992470074091551,3.357894736842105,179,COUPON/MISC ITEMS,National,10.0
116,79,636.18,379,256.4599999999999,3,8.052911392405065,0.28730507259365473,8.14102564102564,61,BEERS/ALES,National,2.0
117,92,2524.11,26667,535.52,5,27.435978260869568,0.17502769942770857,7.1208791208791204,133,HOT CEREAL,National,7.0
118,87,4339.93,194624,520.31,1,49.88425287356322,0.10705438414563889,6.755813953488372,134,COUPON/MISC ITEMS,National,5.0
119,58,2412.73,782,200.22000000000003,4,41.59879310344827,0.07662603570676822,10.859649122807017,150,HEAT/SERVE,National,2.0
120,19,242.32,18883,6.75,30,12.753684210526316,0.02710081503191874,33.388888888888886,15,SALAD BAR,National,0.0
121,111,2225.58,15773,401.37,14,20.05027027027027,0.1527893564780449,5.045454545454546,116,BEEF,National,3.0
122,132,2354.22,1068,681.4200000000001,12,17.834999999999997,0.22447325769854137,5.099236641221374,134,BEEF,National,5.0
123,173,3191.2400000000002,113833,735.88,2,18.44647398843931,0.18738413901281345,3.4825581395348837,118,BEEF,National,3.0
124,58,615.6,273,137.82999999999998,0,10.613793103448277,0.18293670281247093,10.894736842105264,59,DIAPERS & DISPOSABLES,National,0.0
125,348,10368.37,946700,1907.1399999999999,0,29.79416666666667,0.1553613658414192,1.9337175792507204,188,COUPON/MISC ITEMS,National,10.0
126,30,733.02,343,154.57000000000002,1,24.434,0.17414572043398419,20.482758620689655,85,BEEF,National,0.0
127,181,4331.05,274203,1213.4899999999998,2,23.928453038674036,0.2188621598906311,3.25,154,COUPON/MISC ITEMS,National,4.0
128,34,1096.79,29043,162.06,7,32.258529411764705,0.12873654525956232,19.90909090909091,81,DIAPERS & DISPOSABLES,National,0.0
129,39,456.04,301,72.19,54,11.693333333333333,0.13666395320220356,13.526315789473685,67,FLUID MILK PRODUCTS,National,0.0
130,20,511.62,32624,55.730000000000004,345,25.581,0.09822860668017978,16.42105263157895,54,COUPON/MISC ITEMS,National,0.0
131,350,6072.33,132288,1197.1799999999998,3,17.349514285714285,0.16468510257225036,1.8767908309455588,194,COUPON/MISC ITEMS,National,7.0
132,92,2786.81,12496,479.53999999999996,3,30.29141304347826,0.14681219097769682,7.076923076923077,122,BEERS/ALES,National,6.0
133,71,3517.84,1553,830.05,14,49.54704225352113,0.19090869364220345,8.085714285714285,149,SOFT DRINKS,National,4.0
134,81,5130.38,41291,1138.77,4,63.33802469135803,0.18164663471124476,8.05,157,SOFT DRINKS,National,6.0
135,69,627.76,271,92.87,5,9.097971014492753,0.12887334693254515,8.882352941176471,71,CANDY - PACKAGED,National,0.0
136,76,2779.55,1471,603.55,6,36.57302631578948,0.17840146611096327,7.56,131,SOFT DRINKS,National,3.0
137,38,1062.17,500,273.93,57,27.95184210526316,0.20502207918568968,14.216216216216216,103,FLUID MILK PRODUCTS,National,1.0
138,62,3416.53,1718,726.8599999999999,3,55.105322580645165,0.17542640205242563,9.98360655737705,160,DELI MEATS,National,2.0
139,79,2882.3,103290,465.94,0,36.48481012658228,0.13915967792034023,7.794871794871795,128,SOFT DRINKS,National,2.0
140,138,1699.85,913,338.02,59,12.317753623188407,0.1658692654585425,4.2773722627737225,100,SOFT DRINKS,National,3.0
141,48,404.17,14683,56.77,3,8.420208333333333,0.12316136590445612,13.46808510638298,66,COUPON/MISC ITEMS,National,0.0
142,167,2209.13,1185,368.55000000000007,0,13.228323353293414,0.14297740603953943,4.006024096385542,73,FRZN MEAT/MEAT DINNERS,National,7.0
143,398,6487.63,310005,1515.55,5,16.300577889447236,0.18936847603077775,1.4609571788413098,169,COUPON/MISC ITEMS,National,6.0
144,88,2126.31,947,462.78,34,24.162613636363634,0.17874233804155126,6.367816091954023,125,FRZN MEAT/MEAT DINNERS,National,4.0
145,50,1217.48,505,296.35999999999996,24,24.3496,0.1957670559636421,12.122448979591837,96,SOFT DRINKS,National,1.0
146,39,791.75,27812,207.73,77,20.30128205128205,0.20783807579941568,15.236842105263158,90,COUPON/MISC ITEMS,National,0.0
147,35,1458.23,80693,705.3299999999999,43,41.663714285714285,0.3260043631792046,16.941176470588236,114,COUPON/MISC ITEMS,National,0.0
148,50,1154.26,422,119.33,45,23.0852,0.09369577336505469,11.122448979591837,94,SOFT DRINKS,National,0.0
149,215,11920.93,1241140,1258.88,32,55.44618604651163,0.09551579271628347,2.8457943925233646,168,COUPON/MISC ITEMS,National,8.0
150,6,230.35,100,52.18,75,38.391666666666666,0.18468835167946768,104.6,41,MEAT - MISC,National,0.0
151,48,1217.44,55965,353.52,1,25.363333333333333,0.22503437388603145,12.042553191489361,93,COUPON/MISC ITEMS,National,1.0
152,35,1377.31,635,452.75,44,39.35171428571429,0.24739626023190497,17.676470588235293,111,MAGAZINE,National,0.0
153,90,1536.01,5740,312.02,1,17.066777777777776,0.16883925044506853,6.797752808988764,81,SOFT DRINKS,Private,0.0
154,30,867.1800000000001,24034,134.82999999999998,46,28.906000000000002,0.13455953533397869,18.103448275862068,88,SOFT DRINKS,National,0.0
155,51,2092.59,15764,341.83000000000004,35,41.031176470588235,0.1404153761470905,10.76,94,BAG SNACKS,National,2.0
156,567,5028.37,321475,737.5000000000001,1,8.868377425044091,0.12790784391600923,1.0017667844522968,178,COUPON/MISC ITEMS,National,8.0
157,162,2558.94,16199,408.69,13,15.795925925925927,0.1377159551561347,4.0,135,REFRGRATD JUICES/DRNKS,National,5.0
158,176,1819.25,606,398.29999999999995,1,10.336647727272727,0.17961263556627807,3.24,77,CIGARETTES,National,4.0
159,81,2002.31,7190,403.66999999999996,4,24.719876543209875,0.16777778701402338,7.5125,119,MEAT - MISC,National,0.0
160,54,1292.68,44134,200.73000000000002,0,23.93851851851852,0.13441051017470085,11.547169811320755,105,COUPON/MISC ITEMS,National,1.0
161,250,5524.79,102308,1093.94,1,22.09916,0.16527944182645313,2.3333333333333335,144,SOFT DRINKS,National,3.0
162,69,2879.61,1024,286.38,7,41.73347826086957,0.0904551183042271,9.573529411764707,116,SOFT DRINKS,National,4.0
163,17,272.52,13578,34.42,29,16.03058823529412,0.11213918029582329,36.875,55,COUPON/MISC ITEMS,National,0.0
164,110,3927.56,60948,979.24,7,35.705090909090906,0.1995679465231923,5.137614678899083,162,FRZN MEAT/MEAT DINNERS,National,4.0
165,165,2806.63,297064,942.65,34,17.00987878787879,0.25142160628173943,3.6707317073170733,115,COUPON/MISC ITEMS,National,7.0
166,114,2772.13,1125,343.15000000000003,5,24.316929824561406,0.11015061246501118,5.513274336283186,124,FLUID MILK PRODUCTS,National,2.0
167,18,1085.89,340,103.45,1,60.327222222222225,0.08698101468041097,37.8235294117647,108,COFFEE,National,0.0
168,35,496.16,17175,59.489999999999995,2,14.176,0.1070637991541438,19.38235294117647,60,COUPON/MISC ITEMS,National,0.0
169,24,255.58,66926,26.48,8,10.649166666666668,0.09388073459547613,26.434782608695652,18,COUPON/MISC ITEMS,Private,0.0
170,44,2011.6,13735,523.28,66,45.71818181818182,0.20643186265227542,13.418604651162791,137,COLD CEREAL,National,0.0
171,24,649.3100000000001,7590,132.45,8,27.05458333333333,0.16942539909946785,25.47826086956522,101,BATH TISSUES,National,0.0
172,154,1705.97,156736,160.57999999999998,12,11.077727272727273,0.08603037689855615,3.947712418300654,80,FUEL,Private,0.0
173,10,234.97,121,41.85,289,23.497,0.1511812730294054,36.0,28,ADULT INCONTINENCE,National,0.0
174,27,1208.39,641,250.18,14,44.755185185185184,0.17152416407851526,23.423076923076923,81,BEEF,National,0.0
175,51,1154.02,740,183.45,28,22.627843137254903,0.13716195503450543,12.96,98,FRZN MEAT/MEAT DINNERS,National,0.0
176,23,788.29,65372,148.69,72,34.27347826086957,0.1586906871011121,22.59090909090909,77,COUPON/MISC ITEMS,National,0.0
177,49,1029.73,39264,187.14999999999998,21,21.014897959183674,0.15379495102228646,12.729166666666666,101,COUPON/MISC ITEMS,National,0.0
178,105,1716.58,761,267.19,0,16.348380952380953,0.134687993063712,6.326923076923077,95,CIGARETTES,National,0.0
179,38,620.5600000000001,288,142.11,161,16.330526315789474,0.18633222756893544,12.135135135135135,52,SOFT DRINKS,National,1.0
180,67,2098.4,2612,395.53,34,31.31940298507463,0.15859707369493126,8.303030303030303,128,BEEF,National,2.0
181,39,1670.82,150333,353.7,91,42.84153846153846,0.1747080789520479,14.394736842105264,105,COUPON/MISC ITEMS,National,2.0
182,36,1162.34,729,272.39000000000004,27,32.28722222222222,0.18985453709060243,17.914285714285715,72,SOFT DRINKS,National,0.0
183,135,1560.67,808,197.71,9,11.560518518518519,0.11243872200548231,4.940298507462686,93,DIAPERS & DISPOSABLES,National,5.0
184,246,6763.33,527118,1020.26,0,27.49321138211382,0.13107833274877018,2.3836734693877553,161,COUPON/MISC ITEMS,National,5.0
185,65,2019.5,83390,592.69,0,31.06923076923077,0.22689390894230513,10.0625,116,BEEF,National,1.0
186,2,54.150000000000006,17,2.18,294,27.075,0.03870051482336233,288.0,7,MEAT - MISC,National,0.0
187,52,574.32,369,149.01,0,11.044615384615385,0.20600555762929781,12.686274509803921,87,FLUID MILK PRODUCTS,National,2.0
188,40,1721.66,865,444.44,14,43.0415,0.20517981625963713,15.615384615384615,97,BEEF,National,2.0
189,37,796.49,29303,84.52000000000001,30,21.526756756756757,0.09593534693136288,15.944444444444445,59,COUPON/MISC ITEMS,National,0.0
190,23,696.28,283,137.98000000000002,14,30.273043478260867,0.16539208400258915,25.818181818181817,76,DOG FOODS,National,0.0
191,28,492.91,21505,143.6,0,17.603928571428572,0.22560525364880363,24.444444444444443,63,COUPON/MISC ITEMS,National,0.0
192,90,3601.77,1435,528.5,9,40.019666666666666,0.12795773641916872,7.056179775280899,113,SOFT DRINKS,National,5.0
193,133,4754.71,706859,571.39,3,35.7496992481203,0.10728112502581626,4.909090909090909,113,COUPON/MISC ITEMS,National,5.0
194,66,1705.28,21371,263.24,2,25.837575757575756,0.13372482880539696,9.907692307692308,128,BEERS/ALES,National,1.0
195,90,4095.06,307862,1117.24,6,45.50066666666667,0.2143468334516432,7.078651685393258,146,COUPON/MISC ITEMS,National,2.0
196,179,5127.77,51925,1233.65,1,28.646759776536314,0.19392682765797575,3.449438202247191,148,BEEF,National,7.0
197,49,1796.8700000000001,841,193.63,2,36.67081632653061,0.09727706606380306,12.541666666666666,81,FLUID MILK PRODUCTS,National,0.0
198,453,8398.99,4159,1760.7200000000003,2,18.540816777041943,0.17330415927226273,1.329646017699115,193,BEEF,National,10.0
199,52,608.42,344,127.76999999999998,15,11.700384615384614,0.17355573968676563,11.705882352941176,62,FLUID MILK PRODUCTS,National,0.0
200,76,1109.82,497,166.24,18,14.602894736842105,0.13027600583044685,8.586666666666666,108,SOFT DRINKS,National,1.0
201,43,1288.76,665,340.68999999999994,3,29.971162790697676,0.20908281935622447,13.380952380952381,78,SOFT DRINKS,National,0.0
202,35,906.39,21367,132.94,15,25.896857142857144,0.12790932620053305,17.91176470588235,92,BEEF,National,0.0
203,39,872.25,66317,128.16,0,22.365384615384617,0.1281074759348667,15.157894736842104,88,COUPON/MISC ITEMS,Private,0.0
204,53,894.46,41769,222.35000000000002,2,16.876603773584907,0.1990938476553756,11.326923076923077,90,COUPON/MISC ITEMS,National,0.0
205,100,3290.13,10806,423.59,3,32.9013,0.11406083388085261,6.212121212121212,143,DIAPERS & DISPOSABLES,National,4.0
206,15,386.6,172,76.52000000000001,28,25.773333333333333,0.1652271549490413,42.5,62,SOFT DRINKS,National,0.0
207,21,995.72,17454,120.55,30,47.415238095238095,0.1079935857812178,29.5,100,CHEESE,National,0.0
208,130,4141.41,206805,1122.52,5,31.857,0.21324751658931634,4.875968992248062,119,COUPON/MISC ITEMS,National,8.0
209,190,6678.44,321669,1177.63,3,35.14968421052632,0.1499006500705824,3.0952380952380953,140,COUPON/MISC ITEMS,National,5.0
210,140,3538.62,6758,906.63,0,25.27585714285714,0.2039547831955458,4.784172661870503,152,BEEF,National,6.0
211,97,2133.43,1309,376.23,2,21.994123711340205,0.14991273718352288,6.145833333333333,87,SOFT DRINKS,National,2.0
212,107,2982.63,40752,447.83,0,27.875046728971963,0.13054517469960297,6.433962264150943,163,SOFT DRINKS,National,5.0
213,9,606.5,362,82.64000000000001,8,67.38888888888889,0.11991757843108805,74.375,77,FROZEN PIZZA,National,0.0
214,84,2607.18,1209,496.27,2,31.037857142857142,0.1599091333838148,6.843373493975903,115,FRZN MEAT/MEAT DINNERS,National,4.0
215,132,1577.1,50981,294.81,2,11.947727272727274,0.15749154606791996,4.7251908396946565,123,COUPON/MISC ITEMS,National,1.0
216,117,2574.94,993,298.24,7,22.008034188034188,0.10380136294976297,5.801724137931035,120,CIGARETTES,National,2.0
217,60,2248.38,184657,520.05,3,37.473,0.1878501533360063,10.23728813559322,130,COUPON/MISC ITEMS,National,2.0
218,160,8914.01,883771,985.54,3,55.712562500000004,0.09955402013222824,3.591194968553459,165,COUPON/MISC ITEMS,National,4.0
219,214,11237.12,128867,1402.01,0,52.50990654205608,0.11092614760667861,2.924882629107981,185,BEEF,National,7.0
220,91,2525.2400000000002,221038,503.98,4,27.749890109890114,0.16637286166075754,7.122222222222222,127,COUPON/MISC ITEMS,Private,3.0
221,77,2809.9900000000002,46698,652.1899999999999,7,36.493376623376626,0.1883755321791472,7.618421052631579,100,DELI MEATS,National,3.0
222,127,5752.25,199860,665.81,0,45.29330708661417,0.10374007098718305,5.063492063492063,144,COUPON/MISC ITEMS,National,3.0
223,115,2697.31,23889,468.24,23,23.45486956521739,0.14791742351250178,5.692982456140351,128,CHEESE,National,4.0
224,54,1556.35,13006,491.57,3,28.821296296296296,0.24003379038243683,11.924528301886792,104,BEEF,National,0.0
225,44,729.82,321,116.10999999999999,9,16.586818181818185,0.13725721986452777,14.44186046511628,84,FRZN MEAT/MEAT DINNERS,National,0.0
226,50,1205.06,47026,275.44,15,24.1012,0.18604525498142518,13.306122448979592,91,BEEF,National,1.0
227,125,1296.71,18029,646.18,5,10.37368,0.33258702242535604,5.024193548387097,36,FRZN MEAT/MEAT DINNERS,National,1.0
228,84,2370.43,86475,510.67,19,28.21940476190476,0.17724827322897505,7.036144578313253,130,INFANT FORMULA,National,2.0
229,39,991.13,535,331.31,78,25.413589743589743,0.2505293245818336,14.973684210526315,89,CHICKEN/POULTRY,National,0.0
230,160,4273.35,153292,965.78,9,26.708437500000002,0.18433976633525032,3.59748427672956,135,SOFT DRINKS,National,4.0
231,9,325.68,19363,107.42000000000002,230,36.18666666666667,0.24802586007850383,53.0,46,COUPON/MISC ITEMS,National,0.0
232,628,12695.57,527603,2173.29,11,20.215875796178345,0.14616386192350994,0.9553429027113237,207,COUPON/MISC ITEMS,National,7.0
233,14,564.94,282,83.65,1,40.35285714285715,0.12897207789204274,44.30769230769231,48,COFFEE,National,0.0
234,18,255.37,133,48.230000000000004,146,14.187222222222223,0.15886034255599474,27.11764705882353,47,SEAFOOD - SHELF STABLE,National,0.0
235,196,11813.97,452680,1150.78,0,60.27535714285714,0.08876222063672651,3.4461538461538463,193,COUPON/MISC ITEMS,National,7.0
236,45,1505.07,734,415.01,9,33.446,0.21614203574851049,14.204545454545455,119,FROZEN PIZZA,National,2.0
237,6,549.59,242,75.93,29,91.59833333333334,0.12138700601099886,108.0,68,SOFT DRINKS,National,0.0
238,28,693.4,264,89.2,31,24.764285714285712,0.11397904421160235,23.074074074074073,82,CIGARETTES,National,0.0
239,255,4202.7300000000005,2987,919.02,1,16.48129411764706,0.1794347635085664,2.578740157480315,169,LIQUOR,National,9.0
240,28,334.25,150,119.32,0,11.9375,0.2630685450977798,25.22222222222222,56,SOFT DRINKS,National,0.0
241,16,199.73,86,40.14,11,12.483125,0.16734064284820946,37.733333333333334,36,SOFT DRINKS,National,0.0
242,80,4790.15,2160,649.59,3,59.876875,0.11941563383544067,7.670886075949367,156,BABY FOODS,National,5.0
243,239,7692.27,632960,807.47,0,32.18523012552301,0.09499937645151499,2.6218487394957983,187,COUPON/MISC ITEMS,National,7.0
244,41,1698.95,933,248.78000000000003,6,41.43780487804878,0.1277281758765332,15.7,90,FRZN MEAT/MEAT DINNERS,National,0.0
245,47,1371.44,123786,402.28000000000003,36,29.179574468085107,0.22680017139120043,13.956521739130435,84,COUPON/MISC ITEMS,National,1.0
246,45,800.32,3903,135.36,13,17.78488888888889,0.14466484268125857,14.545454545454545,87,PASTA SAUCE,National,2.0
247,53,1097.49,519,154.06,29,20.707358490566037,0.12309536175142824,11.153846153846153,101,BEEF,National,0.0
248,54,5630.12,83341,1890.3400000000001,7,104.26148148148148,0.25135962427830216,12.20754716981132,162,CHEESE,National,3.0
249,133,2804.39,18303,484.11999999999995,9,21.08563909774436,0.14721560828460306,4.507575757575758,139,CIGARETTES,National,3.0
250,117,5607.09,2308,738.54,5,47.923846153846156,0.11638560710284085,4.913793103448276,120,BEEF,National,0.0
251,81,2235.98,8185,478.52,2,27.60469135802469,0.17628292503223428,8.1875,124,BEEF,National,2.0
252,9,93.78,35,8.469999999999999,18,10.42,0.08283618581907089,69.125,15,DIAPERS & DISPOSABLES,National,0.0
253,373,10614.12,130435,3129.8900000000003,3,28.45608579088472,0.2277275700468786,1.7768817204301075,169,SOFT DRINKS,National,7.0
254,40,398.91,203,60.82000000000001,5,9.972750000000001,0.1322950427424793,16.94871794871795,59,COLD CEREAL,National,0.0
255,17,637.84,222,149.89000000000001,20,37.52,0.19028093382250263,41.3125,58,DOG FOODS,National,0.0
256,120,9467.74,113846,999.26,5,78.89783333333334,0.09546766026559664,5.420168067226891,156,SOFT DRINKS,National,12.0
257,119,2621.13,16218,674.21,0,22.026302521008404,0.2045949735080447,5.305084745762712,116,BEEF,National,3.0
258,204,2446.2,38448,603.51,7,11.991176470588234,0.19789094700807616,3.1182266009852215,153,COLD CEREAL,National,5.0
259,52,1142.06,403,119.03999999999999,6,21.962692307692308,0.09439378320513837,13.058823529411764,86,CONVENIENT BRKFST/WHLSM SNACKS,National,0.0
260,29,396.91,6862,50.650000000000006,18,13.686551724137932,0.11316918402001966,19.75,70,BEERS/ALES,National,0.0
261,44,1241.8700000000001,132982,123.36,33,28.22431818181818,0.09035840114852442,12.604651162790697,84,COUPON/MISC ITEMS,National,1.0
262,214,4791.82,2099,796.29,1,22.391682242990655,0.14249719493710755,2.732394366197183,158,SOFT DRINKS,National,7.0
263,312,5620.1,2605,1032.66,0,18.013141025641026,0.15522279474984818,1.8906752411575563,150,BEEF,National,6.0
264,61,1783.07,26441,374.74999999999994,3,29.230655737704918,0.17367064908101695,10.4,86,FITNESS&DIET,National,1.0
265,49,1710.64,4451,400.43,2,34.91102040816327,0.18968106221015882,11.791666666666666,127,SOFT DRINKS,National,3.0
266,55,2968.48,58265,429.06,7,53.97236363636364,0.12628548891256616,11.055555555555555,108,MEAT - MISC,National,2.0
267,25,385.56,7159,33.3,8,15.4224,0.07950150408250967,26.166666666666668,21,DOG FOODS,National,0.0
268,30,809.21,388,193.85999999999999,7,26.973666666666666,0.19326667131905048,19.551724137931036,93,SOFT DRINKS,National,0.0
269,76,1521.47,540,223.06,3,20.01934210526316,0.1278625188446172,7.746666666666667,93,FLUID MILK PRODUCTS,National,0.0
270,34,880.8,14665,258.68,3,25.905882352941177,0.22701583178291854,17.484848484848484,71,PREPAID WIRELESS&ACCESSORIES,National,0.0
271,95,1331.52,5408,227.42999999999998,3,14.016,0.14588665447897622,7.212765957446808,91,CIGARS,National,4.0
272,7,401.62,10984,72.8,226,57.37428571428571,0.15345052906707135,63.0,62,COUPON/MISC ITEMS,National,0.0
273,121,2451.4,992,284.6,9,20.259504132231406,0.10402046783625732,5.475,127,CIGARETTES,National,2.0
274,15,120.07000000000001,71,13.69,9,8.004666666666667,0.10234748803827749,42.642857142857146,33,CHICKEN/POULTRY,National,0.0
275,298,5931.37,201168,1109.29,1,19.903926174496643,0.15755483150727345,1.9595959595959596,130,CIGARETTES,National,3.0
276,169,5686.67,272424,1215.19,1,33.648934911242605,0.17606703120608067,3.613095238095238,152,COUPON/MISC ITEMS,National,6.0
277,30,749.0600000000001,371,251.99,42,24.968666666666667,0.25172568802757106,20.862068965517242,62,PREPAID WIRELESS&ACCESSORIES,National,0.0
278,79,2006.8700000000001,792,353.95,5,25.403417721518988,0.1499267203768182,8.115384615384615,101,FROZEN PIZZA,National,3.0
279,52,1816.6200000000001,141754,397.93,28,34.934999999999995,0.17968887584385088,11.333333333333334,117,COUPON/MISC ITEMS,National,1.0
280,101,2268.56,127156,612.48,4,22.4609900990099,0.21258989809235554,6.68,111,BEEF,National,1.0
281,77,1421.11,12321,376.74,12,18.455974025974026,0.2095502961871124,8.605263157894736,84,FLUID MILK PRODUCTS,National,5.0
282,99,3738.13,148107,508.8,3,37.75888888888889,0.11980418796636629,6.316326530612245,147,COUPON/MISC ITEMS,National,5.0
283,74,5512.57,1917,830.49,5,74.49418918918919,0.13092892074172405,8.73972602739726,169,INFANT FORMULA,National,7.0
284,19,510.58,14394,63.56999999999999,4,26.87263157894737,0.11072019507097447,32.44444444444444,59,HAIR CARE PRODUCTS,National,0.0
285,184,3911.83,153279,849.71,1,21.25994565217391,0.17845276948214234,3.3114754098360657,128,BEEF,National,6.0
286,38,1156.41,462,125.76999999999998,7,30.43184210526316,0.09809075168853046,16.513513513513512,85,DOG FOODS,National,1.0
287,250,2944.78,95897,473.81,0,11.77912,0.13859807698495577,2.718875502008032,149,COUPON/MISC ITEMS,National,8.0
288,88,2977.62,235615,317.72,1,33.83659090909091,0.09641493745713645,6.597701149425287,141,COUPON/MISC ITEMS,National,3.0
289,178,5723.14,683917,598.36,0,32.15247191011236,0.09465474966384561,3.214689265536723,149,COUPON/MISC ITEMS,National,5.0
290,273,5332.32,3701,1050.69,6,19.53230769230769,0.16460729342426222,2.1875,137,SOFT DRINKS,National,8.0
291,59,2379.36,1470,487.41999999999996,5,40.32813559322034,0.17002351069841423,9.879310344827585,107,FRZN MEAT/MEAT DINNERS,National,4.0
292,80,953.93,7049,207.63,11,11.924125,0.17875099004786665,7.050632911392405,100,SOFT DRINKS,National,0.0
293,105,3858.06,1565,728.73,33,36.74342857142857,0.15887581511252968,6.221153846153846,151,BEEF,National,5.0
294,258,5247.15,17083,1472.8899999999999,1,20.337790697674418,0.21917875488836377,2.630350194552529,148,FLUID MILK PRODUCTS,National,10.0
295,4,123.39,70,64.09,237,30.8475,0.3418497973117132,121.66666666666667,23,FRZN NOVELTIES/WTR ICE,National,0.0
296,10,116.23,35904,7.85,54,11.623000000000001,0.0632656350741457,58.0,19,COUPON/MISC ITEMS,Private,0.0
297,112,3212.11,8556,579.01,4,28.679553571428574,0.15272795374453987,5.405405405405405,144,BEEF,National,2.0
298,7,224.86,123,52.25000000000001,391,32.12285714285714,0.1885532820901447,38.666666666666664,56,LUNCHMEAT,National,0.0
299,9,192.23,109,6.56,142,21.358888888888888,0.03299964786961115,54.125,11,SOUP,National,0.0
300,105,4931.87,2087,881.46,1,46.970190476190474,0.15162738052028701,5.894230769230769,148,BEEF,National,6.0
301,75,6888.83,2816,1168.09,2,91.85106666666667,0.1449797192972004,8.85135135135135,160,FRZN MEAT/MEAT DINNERS,National,8.0
302,94,1785.54,11082,223.34999999999997,1,18.995106382978722,0.11118080133805235,6.279569892473118,114,CANDY - PACKAGED,National,1.0
303,191,4501.05,78720,1193.55,3,23.565706806282723,0.20959329891476133,2.973684210526316,154,SOFT DRINKS,National,4.0
304,292,8211.55,475917,1726.88,2,28.121746575342463,0.17375782694047248,2.3333333333333335,185,COUPON/MISC ITEMS,National,9.0
305,134,3731.86,183847,609.44,3,27.849701492537314,0.14038191325179095,4.887218045112782,131,COUPON/MISC ITEMS,National,7.0
306,173,5394.01,317396,1773.54,1,31.179248554913297,0.24744019923125754,3.383720930232558,164,COUPON/MISC ITEMS,National,4.0
307,394,2442.23,58236,523.19,0,6.198553299492386,0.17643032015700982,1.6463104325699744,70,BEERS/ALES,National,4.0
308,79,2344.77,70881,217.18,0,29.680632911392404,0.0847713655613888,8.576923076923077,134,MAGAZINE,National,1.0
309,22,2325.59,1031,464.39,59,105.70863636363637,0.1664492218582212,28.142857142857142,77,SOFT DRINKS,National,0.0
310,5,111.07,56,24.64,132,22.214,0.18156362832510503,118.0,28,ISOTONIC DRINKS,National,0.0
311,47,1294.14,62540,147.04000000000002,13,27.53489361702128,0.1020275052387627,13.978260869565217,115,SALAD BAR,National,0.0
312,39,2467.54,981,381.57000000000005,9,63.27025641025641,0.13392603304189732,15.421052631578947,144,CIGARETTES,National,2.0
313,4,92.54,44,17.33,597,23.134999999999998,0.1577318649312824,11.666666666666666,26,CRACKERS/MISC BKD FD,National,0.0
314,38,2812.56,1649,432.93,11,74.01473684210526,0.1333943410702236,17.864864864864863,123,FRZN MEAT/MEAT DINNERS,National,1.0
315,11,182.19,86,32.1,56,16.562727272727273,0.1497970040599188,62.4,34,BEEF,National,0.0
316,48,954.63,9479,186.57,1,19.888125,0.16348580441640378,13.042553191489361,94,BEEF,National,0.0
317,60,5921.17,2410,922.47,6,98.68616666666667,0.13479230351099708,10.898305084745763,157,BEEF,National,6.0
318,89,1128.36,16639,155.4,3,12.67820224719101,0.12105066367545336,6.954545454545454,83,SOFT DRINKS,National,3.0
319,107,3726.02,240444,823.6800000000001,21,34.82261682242991,0.18104050816537356,6.018867924528302,152,COUPON/MISC ITEMS,National,5.0
320,18,467.04,167,58.870000000000005,35,25.94666666666667,0.11193930520431251,32.94117647058823,69,BEERS/ALES,National,0.0
321,105,5755.15,2235,1139.0900000000001,6,54.81095238095238,0.16522343289470634,5.9326923076923075,155,BEEF,National,7.0
322,62,2130.96,12897,290.95,15,34.37032258064516,0.12013245744061506,9.262295081967213,144,SOFT DRINKS,National,3.0
323,12,148.91,1120,21.91,6,12.409166666666666,0.12826366935955977,58.0,28,FROZEN PIZZA,National,0.0
324,145,8166.16,584291,830.54,6,56.31834482758621,0.09231607144841997,4.368055555555555,177,COUPON/MISC ITEMS,National,7.0
325,71,2651.95,16360,993.5799999999999,1,37.35140845070422,0.27254747594999906,8.728571428571428,133,FROZEN PIZZA,National,0.0
326,24,658.82,183,146.85,1,27.450833333333335,0.18227065672049347,24.956521739130434,49,SOFT DRINKS,National,0.0
327,27,226.71,136,46.599999999999994,12,8.396666666666667,0.17050235995755733,23.423076923076923,49,INFANT FORMULA,National,0.0
328,229,16425.93,342298,1843.0900000000001,4,71.7289519650655,0.100886090222683,2.68859649122807,227,COUPON/MISC ITEMS,National,6.0
329,141,2864.34,1487,240.47,0,20.314468085106384,0.07745079409045964,4.314285714285714,135,SOUP,National,6.0
330,188,1588.81,68417,235.84,13,8.451117021276595,0.1292521853506152,3.1390374331550803,97,COUPON/MISC ITEMS,National,2.0
331,64,1260.33,552,153.98000000000002,6,19.69265625,0.10887287794047983,8.968253968253968,97,INFANT FORMULA,National,2.0
332,113,5293.18,2761,1147.81,6,46.842300884955755,0.17820397174968444,5.982142857142857,178,FLUID MILK PRODUCTS,National,7.0
333,38,1248.81,718,370.71999999999997,5,32.86342105263158,0.22890591714880243,17.0,98,BEEF,National,1.0
334,453,4565.71,41440,1279.89,2,10.078830022075055,0.21894929519638703,1.4446902654867257,151,FRZN MEAT/MEAT DINNERS,National,8.0
335,143,2708.0,1031,234.39,24,18.937062937062937,0.07965973239441407,4.450704225352113,126,BEEF,National,3.0
336,118,3065.71,120184,338.36,62,25.980593220338985,0.09939866101460898,4.358974358974359,117,COUPON/MISC ITEMS,National,2.0
337,60,927.46,31200,281.24,66,15.457666666666666,0.2326797385620915,9.135593220338983,51,SOFT DRINKS,National,1.0
338,138,2398.0,8535,492.0799999999999,3,17.3768115942029,0.17026518297071358,3.846715328467153,133,BEEF,National,3.0
339,64,1620.82,1143,606.45,6,25.3253125,0.2722840068783758,9.317460317460318,114,FLUID MILK PRODUCTS,National,2.0
340,29,1057.56,490,212.17000000000002,56,36.46758620689655,0.1670985170075528,22.107142857142858,91,PORK,National,0.0
341,30,393.5,300,96.14,46,13.116666666666667,0.1963483375541214,18.310344827586206,47,BABY FOODS,National,0.0
342,45,1902.03,920,373.09000000000003,12,42.26733333333333,0.16398695453426634,12.954545454545455,108,BEEF,National,2.0
343,63,1450.72,529,217.49,12,23.027301587301586,0.1303732743479538,10.758064516129032,103,DOMESTIC WINE,National,1.0
344,47,2199.08,114766,334.78,54,46.788936170212764,0.13212253242089145,11.673913043478262,135,COUPON/MISC ITEMS,National,0.0
345,170,5077.32,2833,1550.7400000000002,1,29.866588235294117,0.23396589650667018,3.8757396449704142,163,FRZN MEAT/MEAT DINNERS,National,9.0
346,121,5219.82,2281,871.03,0,43.13900826446281,0.14300631274781025,4.966666666666667,124,TICKETS,National,3.0
347,15,540.76,179,51.230000000000004,14,36.050666666666665,0.08653862396324263,47.57142857142857,61,SALADS/DIPS,National,0.0
348,120,2583.78,53384,577.95,25,21.5315,0.1827954948714786,4.588235294117647,120,BEEF,National,1.0
349,28,628.93,276,92.46000000000001,0,22.461785714285718,0.12816922884985932,21.48148148148148,83,FLUID MILK PRODUCTS,National,0.0
350,99,2861.68,297237,264.19,13,28.905858585858585,0.08451727039192289,6.622448979591836,133,COUPON/MISC ITEMS,National,5.0
351,288,7516.33,56342,1639.4099999999999,1,26.098368055555554,0.17905816460493634,2.048780487804878,158,INFANT FORMULA,National,7.0
352,5,155.88,17376,9.79,51,31.176,0.059093378402849034,136.5,32,COUPON/MISC ITEMS,National,0.0
353,117,3474.9700000000003,1397,500.17999999999995,7,29.700598290598293,0.12582669836358376,4.810344827586207,182,BEEF,National,3.0
354,148,8280.74,3702,1219.0600000000002,2,55.950945945945946,0.12832480683803874,4.068027210884353,177,BAG SNACKS,National,7.0
355,7,340.34,102,69.52,312,48.620000000000005,0.16961889425657542,48.333333333333336,36,LAWN AND GARDEN SHOP,National,0.0
356,224,2644.07,129210,261.49,5,11.803883928571429,0.08999642065557069,2.6591928251121075,98,PREPAID WIRELESS&ACCESSORIES,National,1.0
357,21,1571.45,813,502.4200000000001,7,74.83095238095238,0.24226205114110339,28.65,108,COLD CEREAL,National,0.0
358,347,11892.19,4407,1458.0099999999998,1,34.2714409221902,0.10921259606597651,1.7138728323699421,201,SOFT DRINKS,National,8.0
359,2,172.85,96,29.68,629,86.425,0.14654619068779934,20.0,45,BACON,National,0.0
360,34,422.17,203,66.78999999999999,10,12.416764705882354,0.1365960405759162,17.21212121212121,68,SOFT DRINKS,National,0.0
361,212,8247.84,4641,1915.1,4,38.90490566037736,0.1884395657162199,3.199052132701422,200,BEEF,National,10.0
362,88,2858.67,50844,402.71,7,32.48488636363636,0.12347840484702793,7.620689655172414,118,SWEET GOODS & SNACKS,National,3.0
363,4,52.4,33,26.479999999999997,102,13.1,0.3356997971602434,162.33333333333334,14,BEEF,National,0.0
364,84,2487.89,12099,508.14,0,29.617738095238092,0.16960444321318546,8.180722891566266,119,BEEF,National,5.0
365,163,6836.72,163188,920.3199999999999,8,41.94306748466258,0.1186431937955715,4.111111111111111,154,BEEF,National,7.0
366,48,614.69,444,190.57999999999998,8,12.806041666666667,0.23666596296894207,12.617021276595745,78,BEEF,National,0.0
367,104,6774.58,3603,2206.2799999999997,3,65.1401923076923,0.24566466908514326,6.310679611650485,169,SOFT DRINKS,National,9.0
368,52,1328.45,45788,237.52,24,25.547115384615385,0.15167595803240164,12.509803921568627,88,SOFT DRINKS,National,3.0
369,30,947.05,10575,126.34,15,31.56833333333333,0.11770186046078314,20.413793103448278,88,BEEF,National,1.0
370,132,3386.78,329146,508.23,127,25.657424242424245,0.13048233509028218,3.6564885496183206,147,COUPON/MISC ITEMS,National,1.0
371,155,15071.55,6834,2644.93,1,97.23580645161292,0.14929207156274835,4.025974025974026,204,BEEF,National,12.0
372,10,440.42,9460,102.62,187,44.042,0.18897318797878612,54.22222222222222,56,CHEESE,National,0.0
373,10,81.49000000000001,43,15.440000000000001,1,8.149,0.15929020942948519,63.77777777777778,22,PORK,National,0.0
374,159,7039.78,127866,705.44,2,44.275345911949685,0.09108069234960403,4.10126582278481,165,BEERS/ALES,National,9.0
375,23,198.45,7655,73.70000000000002,2,8.628260869565217,0.2708065405107478,26.636363636363637,35,SPORTS MEMORABLILIA,National,0.0
376,475,4563.93,2599,614.34,1,9.608273684210527,0.11863807796812449,1.3080168776371308,139,BEEF,National,6.0
377,127,2940.18,1438,550.73,19,23.151023622047244,0.15776115683303207,4.468253968253968,128,COLD CEREAL,National,5.0
378,313,4536.36,136858,616.62,0,14.493162939297124,0.11966279706111804,1.9935897435897436,153,DOMESTIC WINE,National,5.0
379,1,4.49,1,-0.0,565,4.49,-0.0,0.0,1,WATER - CARBONATED/FLVRD DRINK,National,0.0
380,123,7212.4800000000005,3646,1468.56,4,58.63804878048781,0.16916867103480687,4.795081967213115,128,BEERS/ALES,National,7.0
381,91,2903.59,10174,424.59000000000003,6,31.907582417582418,0.12757422975920774,7.466666666666667,154,DIAPERS & DISPOSABLES,National,5.0
382,34,694.7,39993,68.21000000000001,8,20.43235294117647,0.08940766276493951,18.78787878787879,76,COUPON/MISC ITEMS,National,0.0
383,145,5656.64,193080,872.53,1,39.011310344827585,0.1336356688522431,4.215277777777778,143,SOFT DRINKS,National,4.0
384,74,3660.14,85149,530.5799999999999,3,49.46135135135135,0.12660831551618815,7.876712328767123,155,COUPON/MISC ITEMS,National,5.0
385,37,2880.92,50616,540.53,0,77.8627027027027,0.15798272662175394,17.97222222222222,128,BEERS/ALES,National,0.0
386,259,4482.73,115179,1173.51,1,17.30783783783784,0.2074717480163501,2.492248062015504,154,FRZN MEAT/MEAT DINNERS,National,5.0
387,127,5380.53,1790,727.0799999999999,1,42.366377952755904,0.11904492919488965,4.642857142857143,171,BEERS/ALES,National,3.0
388,53,1185.27,9964,468.61,0,22.363584905660378,0.28333978281374705,11.153846153846153,79,SOFT DRINKS,Private,0.0
389,252,13978.62,437261,3105.68,2,55.47071428571429,0.1817856160334342,2.2828685258964145,178,COUPON/MISC ITEMS,National,10.0
390,106,1760.55,12143,250.25,10,16.608962264150943,0.12445295404814005,5.647619047619048,118,CIGARETTES,National,3.0
391,49,1412.64,596,195.38,70,28.829387755102044,0.12150346388726509,11.0,95,CIGARETTES,National,2.0
392,100,10992.53,3215,835.43,2,109.92530000000001,0.0706317911119077,6.121212121212121,175,BEEF,National,8.0
393,170,3684.54,1868,831.61,0,21.673764705882352,0.18414135934368878,3.7041420118343193,148,PREPAID WIRELESS&ACCESSORIES,National,4.0
394,64,1561.16,574,154.26,1,24.393125,0.08992549929463338,10.285714285714286,133,DIAPERS & DISPOSABLES,National,4.0
395,66,856.55,449,228.96,7,12.978030303030302,0.2109238975228234,9.753846153846155,78,SOFT DRINKS,National,0.0
396,104,1715.95,52576,260.01,5,16.49951923076923,0.1315866717949756,5.533980582524272,109,BREAD,National,3.0
397,238,5927.2300000000005,382456,850.73,1,24.90432773109244,0.12551416650437594,2.438818565400844,152,COUPON/MISC ITEMS,National,5.0
398,119,1967.33,123659,388.97,3,16.53218487394958,0.1650766031490048,4.830508474576271,114,COUPON/MISC ITEMS,National,1.0
399,17,978.48,29149,146.18,20,57.557647058823534,0.12997705973360837,34.375,98,BEERS/ALES,National,0.0
400,302,17981.16,845232,1756.6200000000001,0,59.54026490066225,0.08899785082212894,1.9069767441860466,210,COUPON/MISC ITEMS,National,3.0
401,89,2335.96,1176,458.69,2,26.24674157303371,0.1641314654786825,7.659090909090909,148,SOFT DRINKS,National,0.0
402,77,2182.28,151518,290.68,0,28.341298701298697,0.11754334886128365,8.171052631578947,101,COUPON/MISC ITEMS,National,2.0
403,46,914.56,306,244.70999999999998,41,19.88173913043478,0.21108973750722437,13.377777777777778,73,BEEF,National,1.0
404,231,5895.0,163022,620.53,2,25.51948051948052,0.09523860683628192,2.9130434782608696,152,BEERS/ALES,National,8.0
405,96,3556.13,507564,776.59,7,37.04302083333334,0.17923844605698036,6.768421052631579,119,COUPON/MISC ITEMS,Private,3.0
406,43,1675.95,29846,165.26,6,38.97558139534884,0.08975619293833946,14.142857142857142,110,BEEF,National,0.0
407,44,615.18,296,297.5,4,13.981363636363636,0.3259630976903186,13.581395348837209,49,SOFT DRINKS,National,0.0
408,55,2457.9700000000003,812,338.13,43,44.69036363636364,0.12092915131790707,10.37037037037037,124,BEERS/ALES,National,4.0
409,126,4185.35,204859,1284.3799999999999,7,33.217063492063495,0.23481597811957808,5.232,154,COUPON/MISC ITEMS,National,8.0
410,124,1131.16,705,439.84000000000003,3,9.12225806451613,0.27997453851050286,5.390243902439025,93,BEEF,National,1.0
411,155,6606.4400000000005,171631,1055.2,7,42.622193548387095,0.13772508235834627,3.811688311688312,154,COUPON/MISC ITEMS,National,5.0
412,105,2314.2,16728,663.84,3,22.04,0.22291171374461055,5.740384615384615,134,SALAD BAR,National,4.0
413,280,5869.65,582712,547.31,0,20.963035714285713,0.08529116591033761,2.315412186379928,144,COUPON/MISC ITEMS,National,8.0
414,147,2428.77,63295,433.49,1,16.522244897959183,0.1514502525975977,4.486301369863014,137,BEEF,National,4.0
415,13,433.32,127,57.47,9,33.332307692307694,0.11709692536522749,46.416666666666664,36,BEERS/ALES,National,0.0
416,29,2177.04,1061,387.89,108,75.07034482758621,0.15122829862803275,18.107142857142858,138,SOFT DRINKS,National,0.0
417,80,2855.33,1565,579.33,1,35.691625,0.16867171714230814,7.30379746835443,168,BERRIES,National,0.0
418,253,6908.25,337091,937.46,1,27.305335968379445,0.11948695529149052,2.3452380952380953,175,COUPON/MISC ITEMS,National,11.0
419,46,1696.6100000000001,40907,479.75,42,36.88282608695652,0.22043687625209063,12.466666666666667,105,COUPON/MISC ITEMS,National,1.0
420,93,1927.54,899,304.59000000000003,6,20.726236559139785,0.13645710599293054,7.076086956521739,134,COLD CEREAL,National,5.0
421,189,5787.2,569426,1500.32,8,30.62010582010582,0.20587524974202473,3.1648936170212765,175,COUPON/MISC ITEMS,National,7.0
422,18,863.24,475,332.34,58,47.95777777777778,0.2779738704227237,31.0,83,BEEF,National,0.0
423,14,230.85,149,84.10000000000001,94,16.489285714285717,0.2670265121447849,39.30769230769231,46,SOFT DRINKS,National,0.0
424,23,2344.95,839,258.92,37,101.95434782608694,0.09943660781836268,24.681818181818183,126,INFANT FORMULA,National,0.0
425,145,5290.68,2950,1378.54,0,36.48744827586207,0.2067018331978852,4.541666666666667,127,CHEESE,National,8.0
426,219,7598.47,1004664,1182.65,1,34.6962100456621,0.13468099741263073,2.6605504587155964,151,COUPON/MISC ITEMS,Private,3.0
427,48,917.26,348,104.96000000000001,2,19.109583333333333,0.10267848408366105,14.297872340425531,79,COLD AND FLU,National,0.0
428,93,3338.14,2034,699.92,63,35.89397849462365,0.17333075783916038,6.0,121,FROZEN PIZZA,National,5.0
429,42,528.55,239,236.20999999999998,4,12.584523809523809,0.30886814163920706,13.926829268292684,60,SEAFOOD-FRESH,National,0.0
430,98,2033.15,8249,356.85,2,20.746428571428574,0.14930962343096235,5.958762886597938,135,DIAPERS & DISPOSABLES,National,1.0
431,35,526.67,183,125.38999999999999,25,15.047714285714287,0.19229825476183174,16.647058823529413,54,PREPAID WIRELESS&ACCESSORIES,National,0.0
432,233,3212.16,82763,436.02,0,13.786094420600858,0.11951712908902522,2.9310344827586206,144,CIGARETTES,National,2.0
433,73,929.78,488,100.49000000000001,8,12.736712328767123,0.09753753870344668,9.208333333333334,82,WATER - CARBONATED/FLVRD DRINK,National,2.0
434,107,3558.91,5211,650.0699999999999,14,33.260841121495325,0.15444834615512548,5.613207547169812,140,COLD CEREAL,National,9.0
435,87,1597.43,1083,916.1,0,18.361264367816094,0.36446750187982635,7.046511627906977,54,SOFT DRINKS,National,0.0
436,29,2239.9700000000003,883,301.55,27,77.2403448275862,0.11864946960873807,19.25,128,BEEF,National,1.0
437,85,5704.33,214210,910.43,29,67.10976470588236,0.13763613494669497,7.678571428571429,163,COUPON/MISC ITEMS,National,8.0
438,62,3978.71,1661,789.44,1,64.17274193548387,0.1655652611599887,9.491803278688524,150,BEEF,National,2.0
439,36,549.21,202,43.82,24,15.255833333333335,0.0738917086825287,15.914285714285715,52,CIGARETTES,National,1.0
440,6,83.88,30,10.07,194,13.979999999999999,0.10718467269824376,75.2,20,PIES,National,0.0
441,73,2347.28,1055,286.62,8,32.15452054794521,0.10881962109419492,7.763888888888889,89,BEERS/ALES,National,1.0
442,178,2476.91,152198,469.35999999999996,1,13.915224719101122,0.1593065129808198,3.4180790960451977,150,COUPON/MISC ITEMS,National,2.0
443,94,2452.32,1464,680.68,3,26.088510638297873,0.21726141078838174,6.559139784946237,111,SOFT DRINKS,National,4.0
444,44,1261.6200000000001,518,164.69,112,28.67318181818182,0.11546578233343381,11.69767441860465,100,SOFT DRINKS,National,0.0
445,232,2696.5,957,406.83000000000004,47,11.622844827586206,0.13109466282992788,2.4415584415584415,136,SOFT DRINKS,National,6.0
446,29,201.68,63,8.17,4,6.95448275862069,0.038932570883964734,20.285714285714285,38,IMPORTED WINE,National,0.0
447,128,1505.98,22816,300.88,1,11.76546875,0.16652092580498765,4.9921259842519685,107,PREPAID WIRELESS&ACCESSORIES,National,4.0
448,42,432.8,15048,42.36000000000001,22,10.304761904761905,0.08914891825911272,15.414634146341463,52,COUPON/MISC ITEMS,National,0.0
449,32,661.37,55945,99.03999999999999,3,20.6678125,0.13024552544022303,18.741935483870968,69,COUPON/MISC ITEMS,National,0.0
450,63,1505.19,805,390.27,3,23.89190476190476,0.205897249216549,9.193548387096774,98,MAGAZINE,National,1.0
451,144,2201.69,44697,321.97,1,15.289513888888889,0.12758057741534123,4.699300699300699,127,BEEF,National,3.0
452,24,657.54,389,306.19000000000005,26,27.397499999999997,0.31771346746495394,23.82608695652174,84,BEEF,National,0.0
453,32,731.27,285,82.99,81,22.8521875,0.10192076241004101,16.93548387096774,85,SEAFOOD-FRESH,National,0.0
454,337,7820.46,4722,2426.85,1,23.20611275964392,0.236828006569529,2.0,156,BEEF,National,8.0
455,24,1070.75,414,116.74,118,44.614583333333336,0.09830819627954761,21.82608695652174,88,COOKIES/CONES,National,0.0
456,92,6137.4400000000005,20272,873.0699999999999,20,66.71130434782609,0.12453730185107786,7.032967032967033,174,BEERS/ALES,National,10.0
457,75,687.56,14573,142.25,5,9.167466666666666,0.17142478398669575,8.135135135135135,93,FLUID MILK PRODUCTS,National,0.0
458,120,1592.59,32025,653.74,4,13.271583333333334,0.291025806537775,4.739495798319328,115,FRZN MEAT/MEAT DINNERS,National,5.0
459,65,1104.31,349,88.39,15,16.989384615384616,0.07410916408149576,9.828125,54,CIGARETTES,National,2.0
460,109,724.03,46565,138.51999999999998,18,6.642477064220183,0.16059358877746216,5.425925925925926,85,COUPON/MISC ITEMS,National,4.0
461,38,649.79,33076,188.72000000000003,3,17.099736842105262,0.22506589068705207,16.324324324324323,79,COUPON/MISC ITEMS,National,0.0
462,94,1480.25,664,263.95,2,15.747340425531915,0.15133012269235177,6.78494623655914,123,FLUID MILK PRODUCTS,National,1.0
463,571,5601.38,505590,1186.52,1,9.809772329246936,0.1747992751808365,1.0333333333333334,123,COUPON/MISC ITEMS,National,4.0
464,161,3393.81,101377,1158.23,5,21.079565217391306,0.2544419644818587,3.83125,130,COUPON/MISC ITEMS,National,10.0
465,42,323.65,162,59.260000000000005,49,7.705952380952381,0.15476221566425533,13.609756097560975,61,SOFT DRINKS,National,0.0
466,17,423.32,135,57.11,13,24.901176470588236,0.11887267656058115,35.6875,56,DIAPERS & DISPOSABLES,National,0.0
467,139,2547.41,1151,521.07,15,18.326690647482014,0.16981371884450935,4.782608695652174,147,HAIR CARE PRODUCTS,National,7.0
468,323,5462.21,17215,839.11,1,16.910866873065014,0.13316416242945922,1.950310559006211,163,BEERS/ALES,National,7.0
469,163,7708.77,114639,1187.3000000000002,7,47.29306748466258,0.13346342823291635,3.888888888888889,179,COUPON/MISC ITEMS,National,6.0
470,149,2187.04,90043,146.61,5,14.678120805369128,0.06282433098365223,4.506756756756757,79,LIQUOR,National,6.0
471,47,1344.98,7408,342.58000000000004,6,28.61659574468085,0.20300315248050443,13.478260869565217,112,SOFT DRINKS,National,0.0
472,94,8295.58,2773,1314.74,20,88.25085106382978,0.13680501793904887,6.612903225806452,172,BEEF,National,8.0
473,68,3126.4,259567,663.0999999999999,35,45.976470588235294,0.17498350705897872,8.462686567164178,119,COUPON/MISC ITEMS,Private,2.0
474,32,1669.53,894,501.91,18,52.1728125,0.23114154662343883,21.322580645161292,98,BEEF,National,0.0
475,39,1369.24,636,259.09000000000003,42,35.108717948717945,0.15911393882075503,15.81578947368421,124,BEEF,National,1.0
476,29,1551.27,690,240.29000000000002,38,53.49206896551724,0.1341233338542946,21.892857142857142,79,FROZEN PIZZA,National,1.0
477,63,751.38,80978,154.98000000000002,10,11.926666666666666,0.17099165894346618,10.0,97,COUPON/MISC ITEMS,Private,0.0
478,20,286.02,21988,29.229999999999997,7,14.300999999999998,0.09272006344171292,29.736842105263158,26,SEAFOOD-FRESH,National,0.0
479,183,1763.23,1028,392.76,12,9.635136612021858,0.18217153140784514,3.17032967032967,136,SOFT DRINKS,National,2.0
480,91,3646.39,265413,755.18,10,40.07021978021978,0.17157059867274632,7.455555555555556,160,COUPON/MISC ITEMS,National,4.0
481,48,1954.23,987,404.78,20,40.713125,0.17158892925422103,13.425531914893616,124,BEEF,National,1.0
482,57,1556.42,3558,362.87,7,27.30561403508772,0.18906470621948743,10.767857142857142,112,BEEF,National,1.0
483,94,2569.76,1284,777.45,10,27.337872340425534,0.23226806803277955,6.903225806451613,129,SOFT DRINKS,National,3.0
484,134,2845.7,15059,473.45000000000005,8,21.236567164179103,0.14264194146091622,4.834586466165414,137,BEERS/ALES,National,3.0
485,156,5118.38,648887,1368.62,1,32.81012820512821,0.21097888083860025,3.6451612903225805,136,COUPON/MISC ITEMS,National,2.0
486,28,908.57,46368,112.79,29,32.448928571428574,0.11043118978616746,20.51851851851852,87,COUPON/MISC ITEMS,National,0.0
487,9,133.68,41,22.04,14,14.853333333333333,0.14153609041870022,71.0,25,DOG FOODS,National,0.0
488,20,406.96,211,48.269999999999996,22,20.348000000000003,0.10603431232563759,31.157894736842106,62,BEEF,National,0.0
489,191,5386.91,479944,726.1899999999999,1,28.20371727748691,0.11879242937298588,3.1315789473684212,157,COUPON/MISC ITEMS,National,6.0
490,77,3758.22,17530,1257.42,20,48.80805194805195,0.2506998109912195,8.276315789473685,128,SOFT DRINKS,National,5.0
491,116,4453.77,283954,488.17999999999995,3,38.394568965517244,0.09878286911037139,5.3304347826086955,154,COUPON/MISC ITEMS,National,5.0
492,117,7148.28,477876,1433.21,50,61.09641025641025,0.16701178932796054,4.439655172413793,156,COUPON/MISC ITEMS,National,8.0
493,187,4681.03,195147,727.69,3,25.032245989304812,0.13454014998003228,3.252688172043011,147,COUPON/MISC ITEMS,National,5.0
494,1,8.17,5,0.25,589,8.17,0.02969121140142518,0.0,4,FEMININE HYGIENE,National,0.0
495,73,3050.52,1313,1065.74,1,41.78794520547945,0.25890978703969136,8.625,139,PORK,National,6.0
496,13,648.4,210,106.12000000000002,31,49.876923076923084,0.14064570852992633,44.833333333333336,54,PREPARED FOOD,National,0.0
497,58,738.88,401,160.28000000000003,6,12.739310344827587,0.1782552604653232,9.982456140350877,77,FRZN MEAT/MEAT DINNERS,National,0.0
498,57,887.7,3600,142.53,21,15.573684210526316,0.1383477475903439,10.946428571428571,102,DIAPERS & DISPOSABLES,National,1.0
499,70,753.36,355,119.88,139,10.762285714285715,0.13728184691493747,7.304347826086956,81,SOFT DRINKS,National,0.0
500,5,84.82000000000001,58,6.78,230,16.964,0.07401746724890829,108.75,19,HAND/BODY/FACIAL PRODUCTS,National,0.0
501,21,473.09000000000003,180,109.71999999999998,28,22.52809523809524,0.18826032497726528,30.6,64,CAKES,National,0.0
502,53,2189.8,1192,437.90999999999997,1,41.316981132075476,0.16665081002089271,10.942307692307692,120,BEEF,National,1.0
503,140,4422.26,8503,724.6,3,31.58757142857143,0.14078486688971528,4.237410071942446,184,SOFT DRINKS,National,6.0
504,7,516.34,355,158.15,63,73.76285714285713,0.23447345401710923,98.33333333333333,77,BEEF,National,0.0
505,16,161.82,63,44.129999999999995,13,10.11375,0.21427530954115076,37.0,23,SOFT DRINKS,National,0.0
506,26,982.65,37685,128.64,30,37.794230769230765,0.1157573630645466,24.04,100,COUPON/MISC ITEMS,National,0.0
507,64,1403.41,35655,329.53999999999996,3,21.92828125,0.190161285668946,9.698412698412698,98,SOFT DRINKS,National,1.0
508,53,1112.57,479,234.95,0,20.991886792452828,0.1743573379244835,10.961538461538462,91,CHICKEN/POULTRY,National,1.0
509,16,277.14,87,19.41,116,17.32125,0.06545270612038442,35.86666666666667,34,PROCESSED,National,0.0
510,336,7606.96,363320,1156.73,0,22.639761904761905,0.131991204618146,1.7880597014925372,188,COUPON/MISC ITEMS,National,11.0
511,356,5179.11,285146,1124.64,0,14.548061797752808,0.17840809042236766,1.8619718309859155,114,COUPON/MISC ITEMS,Private,6.0
512,22,941.0600000000001,25218,252.84,23,42.77545454545455,0.21177653069771335,26.857142857142858,91,CIGARETTES,National,0.0
513,157,11818.97,12039,2570.08,0,75.28006369426753,0.17861359853499711,4.243589743589744,156,CIGARETTES,National,6.0
514,63,2240.15,27118,238.81,0,35.55793650793651,0.09633475328363507,9.548387096774194,98,SALAD BAR,National,2.0
515,43,1659.67,966,355.05,1,38.59697674418605,0.1762279621982211,14.738095238095237,115,BEEF,National,3.0
516,16,288.37,101,30.57,18,18.023125,0.09584874898099956,38.86666666666667,44,WAREHOUSE SNACKS,National,0.0
517,103,3702.05,110790,553.9399999999999,6,35.94223300970874,0.1301553810041847,5.9411764705882355,156,COUPON/MISC ITEMS,National,7.0
518,147,4662.55,22901,1069.98,0,31.718027210884355,0.1866505713882003,4.061643835616438,167,BEEF,National,5.0
519,32,819.13,348,219.60999999999999,24,25.5978125,0.2114196045208618,21.032258064516128,103,REFRIGERATED,National,1.0
520,110,2055.73,4854,595.04,2,18.688454545454544,0.2244781704938565,5.660550458715596,119,SOFT DRINKS,National,1.0
521,52,855.8100000000001,381,105.84,10,16.457884615384614,0.11006083294337857,12.764705882352942,98,SEAFOOD - FROZEN,National,0.0
522,2,29.340000000000003,7,0.29,192,14.670000000000002,0.009787377657779275,336.0,4,IRONING AND CHEMICALS,National,0.0
523,272,5666.21,441012,594.11,0,20.831654411764706,0.09490089963452349,2.217712177121771,153,COUPON/MISC ITEMS,National,2.0
524,70,1963.34,7593,661.8700000000001,7,28.047714285714285,0.25212078271833493,8.115942028985508,111,DIAPERS & DISPOSABLES,National,5.0
525,39,869.7,380,146.35999999999999,6,22.3,0.14404661142058536,14.947368421052632,90,DELI MEATS,National,0.0
526,168,3778.8,292090,521.29,4,22.492857142857144,0.12122769523428578,3.461077844311377,151,COUPON/MISC ITEMS,National,8.0
527,123,3411.59,1346,681.4699999999999,4,27.736504065040652,0.16649401670144096,4.672131147540983,105,BAG SNACKS,National,3.0
528,16,319.69,136,34.94,23,19.980625,0.09852522347235146,43.666666666666664,55,DOMESTIC WINE,National,0.0
529,55,1781.02,939,375.6,164,32.38218181818182,0.17416141925791287,9.5,112,BEEF,National,2.0
530,52,1473.24,6249,167.05,28,28.33153846153846,0.10184174749586965,11.92156862745098,128,BEERS/ALES,National,1.0
531,37,994.12,426,308.68,3,26.868108108108107,0.23693583051888242,15.722222222222221,84,FROZEN PIZZA,National,0.0
532,23,401.88,155,38.7,34,17.47304347826087,0.08783875800081711,24.272727272727273,54,BEERS/ALES,National,0.0
533,63,2672.55,1289,488.89,0,42.42142857142857,0.15464155574674832,10.161290322580646,126,BEERS/ALES,National,2.0
534,440,1239.55,24184,165.73,0,2.8171590909090907,0.1179337925537971,1.3029612756264237,105,BAKED BREAD/BUNS/ROLLS,Private,3.0
535,34,1308.76,529,526.1,51,38.49294117647059,0.28672487274233455,17.545454545454547,103,BEEF,National,0.0
536,83,1470.24,4377,426.82,36,17.713734939759036,0.22499024806806323,7.804878048780488,108,BEEF,National,4.0
537,44,1411.25,498,197.05,9,32.07386363636363,0.1225206740036063,12.976744186046512,93,BEERS/ALES,National,1.0
538,66,4107.11,28063,528.0600000000001,3,62.22893939393939,0.11392462412381855,9.63076923076923,162,FROZEN PIZZA,National,3.0
539,55,1142.31,113321,279.1,2,20.769272727272725,0.19635432422735175,11.592592592592593,81,COUPON/MISC ITEMS,National,0.0
540,89,3063.38,81600,411.38,1,34.42,0.11839091045136929,6.329545454545454,135,SALAD MIX,National,2.0
541,46,1768.25,30797,383.33,21,38.44021739130435,0.17816209483263462,13.577777777777778,112,BEEF,National,1.0
542,121,2295.69,95617,540.6299999999999,2,18.972644628099175,0.19060966322558806,5.208333333333333,133,COUPON/MISC ITEMS,National,2.0
543,98,3487.64,1877,448.26,0,35.58816326530612,0.11389008867095202,6.278350515463917,76,FRZN MEAT/MEAT DINNERS,National,4.0
544,125,1577.19,14752,300.37,3,12.61752,0.15997890879652316,5.290322580645161,117,FRZN MEAT/MEAT DINNERS,National,3.0
545,53,2510.44,16488,442.45000000000005,9,47.36679245283019,0.14983626210255038,11.211538461538462,148,FRZN MEAT/MEAT DINNERS,National,3.0
546,122,3339.0,240539,828.22,50,27.368852459016395,0.1987464064772198,4.355371900826446,97,DOG FOODS,Private,3.0
547,54,1655.49,6700,353.83000000000004,6,30.657222222222224,0.17609440009555472,11.018867924528301,117,SOFT DRINKS,National,0.0
548,92,4186.01,50044,865.05,21,45.50010869565217,0.17126108183232824,6.318681318681318,165,FRZN MEAT/MEAT DINNERS,National,5.0
549,89,2099.11,875,315.65,50,23.585505617977528,0.13071692424920073,5.875,88,BEEF,Private,1.0
550,32,751.16,381,181.61,0,23.473750000000003,0.19469965800786906,20.612903225806452,79,FLUID MILK PRODUCTS,National,0.0
551,48,801.28,334,227.57999999999998,23,16.69333333333333,0.2211962754893766,13.787234042553191,87,BEEF,National,0.0
552,43,2242.77,1278,669.62,12,52.15744186046511,0.2299211300684318,14.738095238095237,93,BEEF,National,0.0
553,249,6830.6,75706,1033.72,1,27.432128514056227,0.13144429524739581,2.3669354838709675,198,SOFT DRINKS,National,8.0
554,19,1436.42,580,158.54000000000002,15,75.60105263157895,0.09940061192757187,34.166666666666664,116,DIAPERS & DISPOSABLES,National,0.0
555,21,561.03,187,63.14,82,26.715714285714284,0.10115833827322686,27.85,55,DELI MEATS,National,0.0
556,15,693.86,103601,111.03999999999999,15,46.257333333333335,0.13795502546900235,45.714285714285715,68,COUPON/MISC ITEMS,Private,0.0
557,29,718.46,10402,115.73,0,24.774482758620692,0.13873338208321845,22.642857142857142,103,BABY HBC,National,0.0
558,113,2420.31,1069,369.77,14,21.41867256637168,0.132530250028673,5.008928571428571,107,BEEF,National,4.0
559,26,249.34,102,140.88000000000002,194,9.59,0.3610271129106658,16.44,48,PREPAID WIRELESS&ACCESSORIES,National,0.0
560,310,6962.6,418590,959.17,0,22.46,0.12108026362795182,2.161812297734628,190,COUPON/MISC ITEMS,National,8.0
561,24,1288.01,29781,262.0,35,53.66708333333333,0.16903116754085457,25.956521739130434,94,BEEF,National,0.0
562,76,3151.0,31345,593.5,0,41.46052631578947,0.15849913206035518,8.653333333333334,134,BEERS/ALES,National,2.0
563,70,2479.42,146896,406.49,5,35.42028571428572,0.14085331836405154,8.898550724637682,151,COUPON/MISC ITEMS,National,1.0
564,51,830.65,26539,114.36000000000001,10,16.287254901960782,0.12101459243817528,12.1,100,COUPON/MISC ITEMS,National,0.0
565,19,470.23,161,44.6,92,24.748947368421053,0.08663053823592254,28.5,56,STONE FRUIT,National,0.0
566,143,1197.54,61240,215.02,7,8.374405594405594,0.15222008268675313,4.183098591549296,107,CHICKEN/POULTRY,Private,1.0
567,245,2936.28,25340,565.03,2,11.984816326530613,0.16137674184805112,2.6557377049180326,135,BEEF,National,4.0
568,172,8206.66,4171,1248.08,2,47.71313953488372,0.13200574526639547,3.9590643274853803,158,BEEF,National,7.0
569,97,6332.2,66697,465.57000000000005,11,65.28041237113402,0.06848863671468733,6.302083333333333,178,REFRIGERATED,National,7.0
570,32,1207.95,505,367.42999999999995,7,37.7484375,0.23323261689243224,18.903225806451612,100,BEEF,National,1.0
571,16,1114.16,13449,121.55999999999999,78,69.635,0.09837179943676559,38.333333333333336,100,FROZEN,National,0.0
572,45,903.15,3356,175.89,167,20.07,0.1630060053380783,9.681818181818182,95,DOMESTIC WINE,National,2.0
573,100,3097.68,100074,475.5,24,30.976799999999997,0.1330747401474317,5.686868686868687,144,COUPON/MISC ITEMS,National,3.0
574,114,6432.8,146623,1582.94,0,56.4280701754386,0.19747896014591293,5.265486725663717,145,INFANT FORMULA,National,9.0
575,342,11201.11,286318,1634.6399999999999,1,32.751783625730994,0.1273505638548585,1.9882697947214076,197,COUPON/MISC ITEMS,National,9.0
576,167,3750.12,35350,502.90000000000003,4,22.45580838323353,0.11824538798312731,3.8072289156626504,167,BEERS/ALES,National,9.0
577,37,4255.19,1524,456.84000000000003,5,115.00513513513515,0.09695184453409678,15.694444444444445,170,FRZN MEAT/MEAT DINNERS,National,1.0
578,108,2765.86,15941,414.92,3,25.609814814814815,0.13044599123485434,5.514018691588785,152,CHEESE,National,3.0
579,22,398.45,13528,164.35000000000002,7,18.111363636363635,0.29202203269367455,29.285714285714285,47,SOFT DRINKS,National,0.0
580,92,1262.65,7517,153.82,3,13.724456521739132,0.1085938989177321,7.010989010989011,62,BEERS/ALES,National,2.0
581,144,5052.47,19213,1248.9099999999999,4,35.086597222222224,0.19819626811904692,4.398601398601398,156,CHEESE,National,3.0
582,136,4924.9,98246,675.33,3,36.212500000000006,0.12058969006630087,4.296296296296297,161,DOMESTIC WINE,National,3.0
583,153,3015.87,1224,487.40999999999997,7,19.71156862745098,0.13912961567445364,4.230263157894737,141,SOFT DRINKS,National,6.0
584,56,1098.3,119873,106.27000000000001,148,19.6125,0.0882223532048781,8.163636363636364,70,COUPON/MISC ITEMS,National,1.0
585,41,755.36,14207,277.34999999999997,28,18.42341463414634,0.26856523128467813,16.275,77,SOFT DRINKS,National,0.0
586,197,5319.46,218359,798.5799999999999,5,27.00233502538071,0.13052873142378932,3.193877551020408,150,COUPON/MISC ITEMS,National,8.0
587,24,224.3,7981,49.34,13,9.345833333333333,0.1803098962140038,26.695652173913043,49,SOUP,National,0.0
588,249,9018.8,683816,1166.89,1,36.22008032128514,0.11456170372355728,2.6370967741935485,186,COUPON/MISC ITEMS,National,10.0
589,16,249.28,124,64.12,88,15.58,0.20459476707083601,34.13333333333333,47,SOFT DRINKS,National,0.0
590,125,3059.47,1417,593.77,1,24.475759999999998,0.16253243696006833,5.258064516129032,126,BEEF,National,0.0
591,318,13152.66,84002,2133.04,3,41.36056603773585,0.13954480331290028,1.9842271293375395,194,BEERS/ALES,National,8.0
592,34,660.79,313,155.04,25,19.435,0.19003959158157951,19.03030303030303,91,BEERS/ALES,National,0.0
593,55,619.95,14534,114.39000000000001,2,11.271818181818183,0.1557725304354931,12.555555555555555,89,CAT FOOD,National,0.0
594,100,2340.85,38256,730.21,1,23.4085,0.23777132325646522,5.898989898989899,126,PREPAID WIRELESS&ACCESSORIES,National,3.0
595,144,2334.71,1129,557.08,4,16.21326388888889,0.19264192766418034,4.2727272727272725,140,DIAPERS & DISPOSABLES,National,5.0
596,111,2984.34,5578,340.3,1,26.88594594594595,0.10235694691756099,5.718181818181818,124,SOFT DRINKS,National,4.0
597,95,3524.48,1750,623.23,23,37.09978947368421,0.15025881751617157,6.595744680851064,148,CONVENIENT BRKFST/WHLSM SNACKS,National,3.0
598,207,3204.27,73953,504.41,2,15.479565217391304,0.1360079597053399,3.0145631067961167,131,WATER - CARBONATED/FLVRD DRINK,National,7.0
599,5,357.78000000000003,143,37.25000000000001,39,71.556,0.09429663569855455,149.75,63,BEERS/ALES,National,0.0
600,150,5047.99,299693,1299.27,0,33.65326666666667,0.2046977751029578,4.214765100671141,147,COUPON/MISC ITEMS,National,7.0
601,75,5015.42,225563,728.6,29,66.87226666666666,0.12684496223898942,8.27027027027027,153,COUPON/MISC ITEMS,National,6.0
602,53,1850.07,145602,282.5,6,34.90698113207547,0.13246927416216117,12.307692307692308,98,COUPON/MISC ITEMS,National,0.0
603,175,3192.6,239342,609.9300000000001,3,18.24342857142857,0.16040110137198133,3.735632183908046,142,COUPON/MISC ITEMS,National,5.0
604,53,2135.34,847,273.91999999999996,1,40.289433962264155,0.11369466143131084,12.903846153846153,103,SOFT DRINKS,National,1.0
605,121,5607.99,452047,808.1,1,46.34702479338843,0.12594898138897678,5.275,154,COUPON/MISC ITEMS,National,6.0
606,95,3295.67,29283,463.73,3,34.69126315789474,0.12335213065914774,6.819148936170213,149,FRZN MEAT/MEAT DINNERS,National,3.0
607,214,3181.44,152773,1109.23,85,14.866542056074767,0.2585213964252669,2.591549295774648,139,COUPON/MISC ITEMS,National,3.0
608,208,4867.89,2025,611.65,0,23.40331730769231,0.11162433342944846,2.8357487922705316,155,DIAPERS & DISPOSABLES,National,7.0
609,160,1651.66,55423,357.87,0,10.322875,0.17808641821719506,4.132075471698113,101,SOFT DRINKS,National,4.0
610,24,573.0600000000001,375,144.61,7,23.8775,0.20149929633396965,24.695652173913043,67,FRZN MEAT/MEAT DINNERS,National,0.0
611,69,2191.47,259819,544.35,0,31.760434782608694,0.19897142355856748,8.838235294117647,109,COUPON/MISC ITEMS,National,0.0
612,134,3690.2200000000003,184907,646.64,1,27.538955223880595,0.14910326826321346,4.466165413533835,117,COUPON/MISC ITEMS,National,3.0
613,10,312.49,201,103.25,7,31.249000000000002,0.24835233559436184,73.11111111111111,56,SOFT DRINKS,National,0.0
614,116,2635.88,1550,596.38,0,22.723103448275864,0.18450867195089501,5.895652173913043,104,DELI MEATS,National,6.0
615,22,339.95,38617,93.95,5,15.452272727272726,0.21652454482599678,21.952380952380953,57,COUPON/MISC ITEMS,National,0.0
616,9,458.2,286,163.92000000000002,78,50.91111111111111,0.26348614415225363,72.0,71,FROZEN PIZZA,National,0.0
617,26,1299.19,585,229.74,19,49.96884615384616,0.15026194789820332,25.76,116,SOUP,National,0.0
618,541,7167.28,730553,964.0,19,13.248207024029574,0.1185545203215238,1.012962962962963,163,COUPON/MISC ITEMS,Private,6.0
619,5,168.98,75,37.629999999999995,78,33.796,0.18213058419243985,136.75,37,SOFT DRINKS,National,0.0
620,19,304.98,18285,47.290000000000006,112,16.051578947368423,0.13424361995060607,26.055555555555557,55,COUPON/MISC ITEMS,National,0.0
621,131,3013.72,1142,411.03,2,23.00549618320611,0.12001751952697276,4.523076923076923,98,BEEF,National,2.0
622,141,2292.62,4664,357.53000000000003,4,16.259716312056735,0.13490934475407054,4.007142857142857,128,BEERS/ALES,National,5.0
623,121,3894.66,114007,945.1300000000001,3,32.18727272727273,0.1952832664227167,4.758333333333334,132,BEERS/ALES,National,5.0
624,156,5880.67,275378,1536.23,7,37.69660256410256,0.2071256185198668,4.193548387096774,142,COUPON/MISC ITEMS,National,5.0
625,31,1099.73,3411,297.01,22,35.47516129032258,0.2126451594427023,18.366666666666667,107,DELI MEATS,National,0.0
626,24,600.43,601,122.43,62,25.017916666666665,0.16936889577511555,26.47826086956522,68,FROZEN PIZZA,National,0.0
627,42,1566.7,41318,166.13,42,37.30238095238095,0.09587207054356169,13.536585365853659,98,DOMESTIC WINE,National,0.0
628,17,1041.39,325,139.36,43,61.25823529411764,0.11802667795892442,38.75,96,COFFEE,National,0.0
629,27,377.49,10175,64.0,53,13.981111111111112,0.14496364583569277,23.692307692307693,69,VITAMINS,National,0.0
630,197,7448.76,865498,2562.71,13,37.81096446700508,0.25597739392916324,3.3979591836734695,141,COUPON/MISC ITEMS,Private,6.0
631,470,9034.52,801443,1439.25,0,19.222382978723406,0.13741470358810629,1.394456289978678,182,COUPON/MISC ITEMS,Private,5.0
632,87,3075.89,136357,700.51,0,35.35505747126437,0.18549676941002013,6.744186046511628,157,COUPON/MISC ITEMS,National,2.0
633,161,5292.2,234698,1145.4699999999998,2,32.87080745341615,0.17793238858158306,3.56875,149,DIAPERS & DISPOSABLES,National,2.0
634,35,1555.15,620,258.36,214,44.432857142857145,0.14246406140578216,11.882352941176471,98,SOFT DRINKS,National,3.0
635,34,362.9,153,138.8,28,10.673529411764704,0.2766593581821806,18.848484848484848,41,MAKEUP AND TREATMENT,National,1.0
636,217,8622.06,95563,2152.74,1,39.73299539170507,0.19979396369306157,2.8472222222222223,179,DINNER MXS:DRY,National,10.0
637,112,2499.52,6396,662.6999999999999,3,22.31714285714286,0.20956796174839196,5.8558558558558556,127,SOFT DRINKS,National,7.0
638,159,7671.4800000000005,622398,1013.77,4,48.248301886792454,0.11672318010419964,3.5569620253164556,178,COUPON/MISC ITEMS,National,4.0
639,78,759.83,388,130.66,63,9.741410256410257,0.14672820581926804,7.220779220779221,71,MEAT - MISC,National,1.0
640,92,2253.25,91913,530.13,3,24.491847826086957,0.19046267487730745,6.791208791208791,118,COUPON/MISC ITEMS,National,3.0
641,343,12726.26,5171,2241.5299999999997,0,37.10279883381924,0.1497569113409528,1.909356725146199,194,FLUID MILK PRODUCTS,National,10.0
642,64,2208.34,12405,248.81,96,34.5053125,0.10125958936165882,8.682539682539682,137,DELI MEATS,National,7.0
643,26,1198.08,9740,491.51,26,46.08,0.2909048940867311,22.84,94,ICE CREAM/MILK/SHERBTS,National,0.0
644,208,3676.9,145977,555.5699999999999,7,17.677403846153847,0.13126377741602419,2.816425120772947,146,COUPON/MISC ITEMS,National,7.0
645,48,429.06,198,96.88,141,8.93875,0.18420352131421833,9.702127659574469,63,FRAGRANCES,National,0.0
646,40,1610.66,104913,450.66999999999996,63,40.2665,0.21863068989438855,15.461538461538462,136,COUPON/MISC ITEMS,National,1.0
647,122,5839.34,352283,1164.12,0,47.86344262295082,0.16622069662709574,5.132231404958677,157,COUPON/MISC ITEMS,National,10.0
648,66,1723.03,719,192.53,1,26.10651515151515,0.10050846749775523,9.6,114,BREAKFAST SWEETS,National,0.0
649,55,1553.45,900,323.03999999999996,127,28.244545454545456,0.1721511971819727,8.166666666666666,125,BAKED BREAD/BUNS/ROLLS,National,0.0
650,75,1404.03,699,393.97,15,18.720399999999998,0.21911568409343718,8.945945945945946,116,FLUID MILK PRODUCTS,National,4.0
651,8,370.53000000000003,227,114.28,152,46.316250000000004,0.2357212103710732,65.28571428571429,52,FLUID MILK PRODUCTS,National,0.0
652,44,1680.79,934,228.62,7,38.19977272727272,0.11973332076400564,14.0,94,FRZN MEAT/MEAT DINNERS,National,0.0
653,225,10521.84,678794,1641.05,2,46.763733333333334,0.13492270340354964,2.638392857142857,193,COUPON/MISC ITEMS,National,8.0
654,141,2206.28,1079,499.02000000000004,0,15.647375886524824,0.18446013381140725,4.635714285714286,117,BEERS/ALES,National,2.0
655,58,1895.09,51064,376.65000000000003,1,32.67396551724138,0.165798022661044,11.649122807017545,133,BEEF,National,0.0
656,93,5020.28,47194,914.68,29,53.98150537634408,0.15411729817892622,6.532608695652174,140,SOFT DRINKS,National,5.0
657,18,108.86,44,1.7799999999999998,106,6.047777777777778,0.0160882140274765,29.41176470588235,14,PIES,National,0.0
658,47,1040.3,562,246.04000000000002,6,22.134042553191488,0.19127135904970693,12.608695652173912,101,BEEF,National,0.0
659,31,725.02,308,127.98000000000002,8,23.38774193548387,0.15003516998827668,22.033333333333335,77,SOFT DRINKS,National,0.0
660,161,7460.77,194270,1286.47,0,46.34018633540373,0.1470715334208276,3.5625,165,COUPON/MISC ITEMS,National,9.0
661,369,8077.56,2067,758.03,0,21.89040650406504,0.0857927993489965,1.5842391304347827,123,CIGARETTES,National,6.0
662,38,1308.28,482,216.35000000000002,4,34.42842105263158,0.14190328145189324,16.45945945945946,69,DOG FOODS,National,1.0
663,100,3103.31,32799,807.5,1,31.0331,0.20647896471574942,5.7272727272727275,144,CIGARETTES,National,5.0
664,30,926.9,601,226.08999999999997,34,30.89666666666667,0.19609016556951922,18.344827586206897,105,FROZEN PIZZA,National,0.0
665,34,640.85,296,69.75,0,18.848529411764705,0.09815648747537292,19.727272727272727,60,CIGARETTES,National,1.0
666,94,886.44,464,168.70000000000002,0,9.430212765957448,0.15988399643649184,6.451612903225806,94,BEEF,National,0.0
667,64,1073.06,45897,326.28999999999996,0,16.7665625,0.23317254439561225,9.174603174603174,119,COUPON/MISC ITEMS,National,0.0
668,53,1039.05,674,349.93,7,19.604716981132075,0.2519330731903987,11.346153846153847,96,SOFT DRINKS,National,0.0
669,114,8776.63,66203,936.45,2,76.98798245614036,0.09641123104102922,5.8053097345132745,168,DOMESTIC WINE,National,7.0
670,182,5104.86,250971,804.6500000000001,4,28.048681318681318,0.13616188144194696,3.591160220994475,172,COUPON/MISC ITEMS,National,5.0
671,126,5073.89,454823,703.79,6,40.268968253968254,0.12181186912393902,4.8,111,COUPON/MISC ITEMS,National,3.0
672,109,2389.21,58635,697.1499999999999,0,21.919357798165137,0.22588097305563834,5.703703703703703,130,SOFT DRINKS,National,1.0
673,48,564.85,256,99.22999999999999,6,11.767708333333333,0.14942476810022887,13.957446808510639,55,FROZEN PIZZA,National,0.0
674,133,4523.15,2099,784.45,13,34.00864661654135,0.14779749792750022,4.825757575757576,149,BEEF,National,9.0
675,201,4405.51,241192,585.91,4,21.917960199004977,0.11738342996582134,2.88,114,COUPON/MISC ITEMS,National,4.0
676,358,10195.39,5174,1908.18,0,28.478743016759775,0.15765431190962667,1.887955182072829,188,SOFT DRINKS,National,14.0
677,43,1554.49,654,236.46,29,36.15093023255814,0.13203048661324995,13.285714285714286,132,CHEESES,National,0.0
678,57,459.17,52780,107.4,139,8.05561403508772,0.18956174876890763,8.125,54,COUPON/MISC ITEMS,Private,0.0
679,256,6342.17,2223,815.8599999999999,28,24.7741015625,0.11397828732207045,2.4980392156862745,192,CIGARETTES,National,8.0
680,92,3317.5,1925,857.79,4,36.05978260869565,0.20544441224441895,6.241758241758242,132,MEAT - SHELF STABLE,National,3.0
681,62,2584.47,24762,246.27,13,41.685,0.08699845270141378,10.918032786885245,87,FROZEN PIZZA,National,5.0
682,217,4438.29,498949,983.14,114,20.45294930875576,0.18134329872376845,2.490740740740741,159,COUPON/MISC ITEMS,Private,3.0
683,9,170.05,104,30.53,86,18.894444444444442,0.15220859507428458,60.25,37,SOFT DRINKS,National,0.0
684,103,1978.28,35652,274.79,11,19.20660194174757,0.12196247786353731,6.235294117647059,135,FRZN MEAT/MEAT DINNERS,National,6.0
685,194,5679.21,41736,894.96,0,29.274278350515463,0.13613277417529512,3.0310880829015545,147,CIGARETTES,National,2.0
686,21,534.57,193,89.28,27,25.455714285714283,0.14311132483770136,27.5,71,INFANT FORMULA,National,0.0
687,67,3103.14,1395,718.8699999999999,9,46.3155223880597,0.188086896685252,10.121212121212121,120,SOFT DRINKS,National,3.0
688,27,3090.53,1050,428.70000000000005,56,114.46407407407408,0.12181642006916285,21.423076923076923,145,BEERS/ALES,National,3.0
689,3,28.96,20,3.84,296,9.653333333333334,0.11707317073170732,136.0,11,BATH TISSUES,National,0.0
690,263,4823.4,185467,655.0899999999999,0,18.339923954372622,0.11957491936646776,2.5229007633587788,163,BEERS/ALES,National,5.0
691,51,2466.4700000000003,1066,376.28000000000003,6,48.3621568627451,0.13236478761762377,12.86,129,BEERS/ALES,National,3.0
692,118,3700.48,175155,344.78,1,31.36,0.08523061558465957,5.17948717948718,136,BEERS/ALES,National,4.0
693,208,6298.12,2540,1097.4199999999998,1,30.279423076923077,0.14838943471335425,3.260869565217391,196,BEEF,National,9.0
694,152,1740.7,757,185.32999999999998,6,11.451973684210527,0.09622383867333323,3.9403973509933774,96,CIGARETTES,National,2.0
695,211,7964.37,464292,1049.4099999999999,0,37.74582938388625,0.11642285478456318,2.704761904761905,178,COUPON/MISC ITEMS,National,8.0
696,309,13913.08,844842,2285.8099999999995,5,45.026148867313914,0.14110905129919393,1.8311688311688312,209,COUPON/MISC ITEMS,National,2.0
697,59,2692.08,130024,313.14,2,45.62847457627119,0.10419869427196678,10.689655172413794,144,COUPON/MISC ITEMS,National,4.0
698,124,1149.35,17587,175.07,0,9.268951612903225,0.13218616450974768,5.512195121951219,124,SOFT DRINKS,National,3.0
699,146,9869.960000000001,783130,1170.98,8,67.60246575342467,0.10605799868489459,4.241379310344827,168,COUPON/MISC ITEMS,National,7.0
700,35,2741.66,15279,533.89,14,78.33314285714285,0.16299247454625942,19.264705882352942,119,BEEF,National,2.0
701,36,2375.02,784,322.6,1,65.97277777777778,0.1195868951149532,16.542857142857144,133,BEEF,National,0.0
702,265,7727.41,404238,1399.6399999999999,0,29.160037735849055,0.15335075407716622,2.2954545454545454,166,COUPON/MISC ITEMS,National,5.0
703,209,9096.38,958873,1054.42,4,43.52334928229665,0.10387555660637586,2.923076923076923,156,COUPON/MISC ITEMS,National,9.0
704,9,76.53,3745,18.130000000000003,159,8.503333333333334,0.19152757236425103,51.375,19,SOFT DRINKS,Private,0.0
705,92,1375.95,673,269.34000000000003,3,14.955978260869566,0.16370366318399798,6.637362637362638,73,FRZN NOVELTIES/WTR ICE,National,3.0
706,123,3857.85,176199,738.15,0,31.364634146341462,0.1606070496083551,5.434426229508197,169,COUPON/MISC ITEMS,National,7.0
707,468,18305.51,1577393,2097.09,0,39.1143376068376,0.10278542930802938,1.2419700214132763,199,COUPON/MISC ITEMS,National,9.0
708,65,2614.7,1208,406.84,4,40.22615384615384,0.13464657095388444,10.359375,136,FLUID MILK PRODUCTS,National,4.0
709,151,5343.47,2897,1470.32,2,35.38721854304636,0.21578592824257864,4.233333333333333,155,SOFT DRINKS,National,8.0
710,212,3480.85,77397,651.9300000000001,5,16.419103773584904,0.15774611762542406,3.0995260663507107,147,SOFT DRINKS,National,8.0
711,33,393.51,146,67.64,1,11.924545454545454,0.14667678629513176,20.375,54,BEERS/ALES,National,0.0
712,247,11322.710000000001,161299,1772.1399999999999,0,45.84093117408907,0.13533106526611605,2.6341463414634148,181,BEEF,National,11.0
713,23,460.51,18791,116.61,5,20.022173913043478,0.20205503188245078,26.363636363636363,44,CIGARETTES,National,0.0
714,280,3986.86,2409,1365.3,0,14.238785714285715,0.25509327075423754,2.261648745519713,124,SOFT DRINKS,National,5.0
715,166,3444.33,30342,1089.5,0,20.748975903614458,0.240304554868621,3.878787878787879,153,CANDY - CHECKLANE,National,3.0
716,73,1205.13,19094,502.52,1,16.5086301369863,0.2942757590841214,8.402777777777779,104,BEEF,National,1.0
717,49,600.16,46007,55.26,7,12.248163265306122,0.08431234933325196,12.0625,61,COUPON/MISC ITEMS,National,0.0
718,588,18627.670000000002,869422,3647.73,2,31.679710884353746,0.163755981935229,1.1584327086882453,216,COUPON/MISC ITEMS,National,15.0
719,30,857.26,464,256.88,0,28.575333333333333,0.230563483942772,22.862068965517242,52,FRZN MEAT/MEAT DINNERS,National,0.0
720,84,1645.22,398,106.99000000000001,2,19.58595238095238,0.061060032758630534,7.63855421686747,54,BEERS/ALES,National,2.0
721,42,495.63,10257,48.019999999999996,25,11.800714285714285,0.08832888807136945,13.365853658536585,46,FRZN MEAT/MEAT DINNERS,National,0.0
722,129,6233.89,157762,1173.76,2,48.324728682170544,0.1584524106835501,4.546875,165,FRZN MEAT/MEAT DINNERS,National,5.0
723,22,1133.53,529,235.61,6,51.52409090909091,0.17208612705786117,28.571428571428573,83,FRZN MEAT/MEAT DINNERS,National,0.0
724,26,639.3,12890,62.5,23,24.58846153846154,0.08905671131376461,23.4,64,CANNED JUICES,National,0.0
725,129,4687.55,3206,1570.42,3,36.337596899224806,0.2509471921405823,4.625,109,FRZN MEAT/MEAT DINNERS,National,6.0
726,62,1893.93,867,429.4599999999999,0,30.54725806451613,0.18484197659454502,10.01639344262295,135,FRZN MEAT/MEAT DINNERS,National,4.0
727,114,4781.75,2222,926.21,9,41.94517543859649,0.16226637888142173,5.398230088495575,115,BEEF,National,3.0
728,466,10669.61,821467,1543.23,6,22.896158798283263,0.1263612722347955,1.3655913978494623,176,COUPON/MISC ITEMS,National,5.0
729,31,1150.06,460,230.79,2,37.09870967741935,0.16713618423434842,20.9,111,BEEF,National,1.0
730,89,1071.67,444,176.48000000000002,3,12.04123595505618,0.14139326202780114,7.5227272727272725,47,FRZN MEAT/MEAT DINNERS,National,1.0
731,227,3053.29,199617,613.75,1,13.450616740088105,0.16736932239626512,2.6415929203539825,160,COUPON/MISC ITEMS,National,4.0
732,100,3804.88,114158,1172.04,20,38.0488,0.2354950451283123,5.505050505050505,133,CHEESE,National,8.0
733,71,2401.03,1562,486.82,4,33.817323943661975,0.16857523763353358,8.428571428571429,107,CAT FOOD,National,2.0
734,74,1297.08,36718,222.88,7,17.528108108108107,0.14663543777467827,8.917808219178083,97,BEEF,National,1.0
735,89,1039.56,525,117.43,2,11.680449438202247,0.10149612356200141,7.090909090909091,84,INFANT FORMULA,National,0.0
736,53,2472.69,987,333.74,0,46.65452830188679,0.11891976639360326,12.634615384615385,138,DOG FOODS,National,0.0
737,52,1593.51,12699,280.07,32,30.644423076923076,0.14948387578859723,12.235294117647058,120,GLASSES/VISION AIDS,National,1.0
738,98,2549.3,2297,520.72,70,26.013265306122452,0.1696145301985003,5.278350515463917,128,SOFT DRINKS,National,5.0
739,6,160.06,69,38.40999999999999,394,26.676666666666666,0.19353050838917715,39.6,31,BEERS/ALES,National,0.0
740,108,6247.58,3224,1195.5700000000002,5,57.84796296296296,0.16062688512256237,5.289719626168225,185,FRZN JCE CONC/DRNKS,National,6.0
741,81,3140.84,55544,630.33,9,38.775802469135805,0.1671444140677827,7.4125,155,BEEF,National,2.0
742,325,3845.54,56536,574.48,3,11.832430769230768,0.12997226256894764,1.873456790123457,147,BEERS/ALES,National,9.0
743,66,1747.02,18965,342.96000000000004,0,26.47,0.16409726408865158,8.76923076923077,101,BEEF,National,2.0
744,152,4487.32,271683,1025.28,0,29.521842105263158,0.18598846279432574,4.178807947019868,170,COUPON/MISC ITEMS,National,7.0
745,174,6548.49,3323,815.1,2,37.635,0.11069328955034162,3.5722543352601157,141,BAG SNACKS,National,9.0
746,39,569.0500000000001,45754,37.8,95,14.591025641025643,0.06228886874845513,12.710526315789474,54,COUPON/MISC ITEMS,National,0.0
747,131,1139.32,678,298.74,7,8.69709923664122,0.2077382028566263,4.3,101,LUNCHMEAT,National,3.0
748,79,2418.91,8584,663.6700000000001,2,30.61911392405063,0.2152969266004451,7.935897435897436,113,SOFT DRINKS,National,3.0
749,73,1021.42,13209,233.72,3,13.992054794520547,0.1862103032331055,8.25,88,BEEF,National,3.0
750,44,540.56,358,121.39000000000001,10,12.285454545454543,0.1833824306971826,13.651162790697674,64,SOFT DRINKS,National,0.0
751,26,521.04,258,108.36000000000001,28,20.04,0.17216396568160156,25.0,57,FROZEN PIZZA,National,0.0
752,104,3650.39,310892,542.98,7,35.09990384615384,0.1294853542616082,6.0,163,COUPON/MISC ITEMS,National,3.0
753,47,2100.25,985,574.88,13,44.68617021276596,0.21489796757540755,13.847826086956522,139,SOFT DRINKS,National,0.0
754,30,1488.06,676,97.33000000000001,13,49.602,0.061391834185910106,19.24137931034483,89,COFFEE,National,4.0
755,297,10325.19,3050123,519.92,0,34.7649494949495,0.04794050037297915,2.185810810810811,146,COUPON/MISC ITEMS,Private,7.0
756,24,690.42,11086,150.94,42,28.7675,0.17940001901682992,25.47826086956522,80,FROZEN PIZZA,National,0.0
757,40,2023.3700000000001,42478,312.15,15,50.584250000000004,0.13365331917517298,14.179487179487179,123,SHAVING CARE PRODUCTS,National,1.0
758,16,338.93,9115,51.57,43,21.183125,0.13206145966709348,35.8,50,SNACK NUTS,National,0.0
759,39,1198.5,379,73.81,7,30.73076923076923,0.058012591270995284,17.05263157894737,91,WATER - CARBONATED/FLVRD DRINK,National,1.0
760,70,1872.52,6308,216.23,134,26.750285714285713,0.1035212447636146,7.434782608695652,86,BEEF,National,3.0
761,169,8470.71,319989,1577.5,0,50.12254437869822,0.15699313609090576,3.5357142857142856,193,COUPON/MISC ITEMS,National,6.0
762,857,8747.11,349762,1086.6599999999999,0,10.206662777129523,0.11050288953270208,0.697429906542056,208,COUPON/MISC ITEMS,National,11.0
763,40,2815.58,4994,490.6,64,70.3895,0.14838877496083094,14.051282051282051,95,SOFT DRINKS,National,2.0
764,105,3005.11,162062,764.1300000000001,2,28.62009523809524,0.20272787087052033,5.413461538461538,165,COUPON/MISC ITEMS,National,1.0
765,27,1381.3700000000001,99714,218.2,31,51.16185185185186,0.1364116606337953,21.76923076923077,91,COUPON/MISC ITEMS,National,0.0
766,118,8104.29,3392,1417.5900000000001,2,68.68042372881357,0.1488771125029931,4.854700854700854,186,SOFT DRINKS,National,10.0
767,13,562.77,306,128.82999999999998,4,43.29,0.1862781954887218,49.583333333333336,78,LIQUOR,National,0.0
768,449,6357.99,487090,1409.55,1,14.16033407572383,0.18146671919294913,1.2790178571428572,170,COUPON/MISC ITEMS,National,4.0
769,45,1433.37,8054,280.45000000000005,6,31.852666666666668,0.16364028894516347,14.340909090909092,121,SOFT DRINKS,National,1.0
770,40,2007.78,72701,750.78,2,50.1945,0.27216373760222723,14.846153846153847,118,COUPON/MISC ITEMS,National,0.0
771,475,7604.42,9338,1884.43,5,16.009305263157895,0.1985941394373396,1.1877637130801688,203,CHEESE,National,9.0
772,41,265.32,21456,20.52,32,6.4712195121951215,0.07178841309823678,14.025,34,COUPON/MISC ITEMS,National,0.0
773,18,699.21,240,79.30000000000001,6,38.845,0.10186124776817256,38.8235294117647,86,WATER - CARBONATED/FLVRD DRINK,National,0.0
774,16,909.96,451,188.64000000000001,27,56.8725,0.17170944838885854,38.266666666666666,86,CHICKEN/POULTRY,National,0.0
775,33,1121.0,479,180.82,169,33.96969696969697,0.13889785070132585,14.625,104,LIQUOR,National,0.0
776,67,3135.2400000000002,15222,762.5699999999999,0,46.79462686567164,0.19564062896857462,9.712121212121213,116,FRZN MEAT/MEAT DINNERS,National,4.0
777,35,2352.04,302018,251.37,0,67.20114285714286,0.0965541347693986,17.676470588235293,122,COUPON/MISC ITEMS,Private,0.0
778,122,2285.59,93142,497.75,73,18.73434426229508,0.17883190698944432,5.0,95,COUPON/MISC ITEMS,National,3.0
779,77,3356.54,1118,405.85,0,43.59142857142857,0.10787026331666841,8.026315789473685,149,DOMESTIC WINE,National,2.0
780,64,547.15,304,188.92,28,8.54921875,0.25666037197549146,8.761904761904763,61,ROLLS,National,2.0
781,55,1624.02,837,557.5,0,29.527636363636365,0.25555575928710256,10.962962962962964,94,MEAT - MISC,National,0.0
782,70,1557.05,36527,304.66,20,22.24357142857143,0.1636452508715106,8.594202898550725,109,SOFT DRINKS,National,0.0
783,17,387.34,205,124.29,97,22.784705882352938,0.24292946074311517,34.9375,56,BEEF,National,0.0
784,128,2953.46,261953,395.25,0,23.07390625,0.11803052518731093,5.2362204724409445,117,COUPON/MISC ITEMS,National,4.0
785,102,2078.31,222978,216.68999999999997,32,20.375588235294117,0.09441830065359476,6.02970297029703,97,COUPON/MISC ITEMS,National,1.0
786,200,7107.46,2322,831.4300000000001,1,35.5373,0.10472874671396128,2.9045226130653266,161,BEERS/ALES,National,7.0
787,184,2416.59,948,381.31000000000006,3,13.133641304347828,0.13628435612423606,3.1639344262295084,81,NEWSPAPER,National,3.0
788,282,7119.5,225865,1918.02,12,25.24645390070922,0.21222857598102132,2.1637010676156585,154,SOFT DRINKS,National,12.0
789,23,334.29,119,38.019999999999996,14,14.534347826086957,0.10211920174048507,30.045454545454547,52,DELI MEATS,National,0.0
790,55,2667.85,22154,273.42,6,48.50636363636364,0.09295984387696472,10.574074074074074,125,FRZN MEAT/MEAT DINNERS,National,2.0
791,21,303.01,145,64.99,61,14.42904761904762,0.1766032608695652,30.7,53,FRZN MEAT/MEAT DINNERS,National,0.0
792,21,331.72,15507,94.57999999999998,41,15.796190476190478,0.22186253811869572,26.8,51,COUPON/MISC ITEMS,National,0.0
793,103,1795.79,79598,396.56000000000006,9,17.43485436893204,0.18088352680913178,5.745098039215686,111,SPRING/SUMMER SEASONAL,National,1.0
794,31,1632.53,656,391.50000000000006,3,52.66225806451613,0.19342598676897085,19.433333333333334,120,SEAFOOD - FROZEN,National,0.0
795,45,1295.91,599,241.18999999999997,12,28.798000000000002,0.15691236744518897,14.318181818181818,98,BEEF,National,1.0
796,48,432.13,10175,197.04999999999998,3,9.002708333333333,0.31318541593820526,14.297872340425531,60,CHICKEN,National,0.0
797,89,2953.64,823,233.12,37,33.18696629213483,0.07315266916868544,6.079545454545454,149,DOMESTIC WINE,National,5.0
798,50,1306.3600000000001,13817,275.56,1,26.127200000000002,0.174193385253363,13.061224489795919,119,SOFT DRINKS,National,0.0
799,66,2056.86,125694,714.6199999999999,4,31.164545454545458,0.2578477925151904,9.984615384615385,129,COUPON/MISC ITEMS,National,0.0
800,424,9962.42,4447,1679.77,0,23.496273584905662,0.14428299143030648,1.475177304964539,175,DIAPERS & DISPOSABLES,National,12.0
801,26,1498.81,673,629.99,10,57.64653846153846,0.2959366779406238,24.12,85,PORK,National,0.0
802,57,2066.71,756,240.61,19,36.2580701754386,0.10428115736005408,10.892857142857142,110,CIGARETTES,National,3.0
803,62,1885.02,806,346.59000000000003,5,30.403548387096773,0.15530939545888395,10.78688524590164,94,FRZN MEAT/MEAT DINNERS,National,3.0
804,215,3815.36,2548,1081.38,0,17.74586046511628,0.22083671994020515,2.8317757009345796,148,SOFT DRINKS,National,6.0
805,283,4986.64,117483,1236.5900000000001,1,17.62063604240283,0.19870549537780222,2.379432624113475,123,INFANT FORMULA,National,7.0
806,120,5743.14,63969,904.7700000000001,0,47.859500000000004,0.13609841288465097,5.3277310924369745,177,FLUID MILK PRODUCTS,National,9.0
807,118,3948.81,253838,1044.27,8,33.46449152542373,0.20914345454108485,5.547008547008547,128,COUPON/MISC ITEMS,National,5.0
808,202,2285.75,112998,358.0,0,11.31559405940594,0.13541371158392435,2.91044776119403,134,COUPON/MISC ITEMS,National,2.0
809,56,597.5600000000001,422,161.27999999999997,34,10.670714285714286,0.21253492172262922,10.418181818181818,56,SALAD BAR,National,0.0
810,35,495.90000000000003,224,36.96,4,14.168571428571427,0.06936155838306497,17.764705882352942,51,CHICKEN/POULTRY,National,0.0
811,38,677.23,428,144.89999999999998,7,17.82184210526316,0.17624949825453393,17.135135135135137,89,MEAT - SHELF STABLE,National,0.0
812,92,1061.85,564,178.95999999999998,26,11.541847826086956,0.14422836695384467,6.8901098901098905,65,FROZEN PIZZA,National,3.0
813,31,1988.82,16274,245.68,14,64.15548387096774,0.1099485343477288,21.666666666666668,130,BEEF,National,0.0
814,22,761.49,5374,124.98,3,34.61318181818182,0.14098615858404684,27.0,81,BEEF,National,0.0
815,45,1785.61,1053,459.03,91,39.68022222222222,0.2045004989664267,11.25,124,SOFT DRINKS,National,0.0
816,101,3361.6,20793,445.42,6,33.283168316831684,0.11699964801866027,6.57,150,FRZN MEAT/MEAT DINNERS,National,9.0
817,142,4609.41,2077,1207.78,6,32.4606338028169,0.2076225806617972,4.099290780141844,143,ICE CREAM/MILK/SHERBTS,National,6.0
818,43,1474.89,151419,174.11,1,34.29976744186047,0.10558520315342633,14.571428571428571,110,COUPON/MISC ITEMS,National,0.0
819,5,149.92000000000002,70,25.940000000000005,105,29.984,0.14750369612191516,126.5,28,DIAPERS & DISPOSABLES,National,0.0
820,197,4426.8,16185,719.68,1,22.471065989847716,0.13983926878176928,3.142857142857143,167,CIGARETTES,National,2.0
821,17,464.56,16684,14.079999999999998,63,27.327058823529413,0.02941668059501922,32.25,30,PREPAID WIRELESS&ACCESSORIES,National,0.0
822,41,856.38,10764,214.08,14,20.88731707317073,0.1999887898660389,15.275,78,HEAT/SERVE,National,0.0
823,111,2456.41,99354,300.48,7,22.12981981981982,0.10899237909383401,5.327272727272727,139,COUPON/MISC ITEMS,National,2.0
824,48,880.9300000000001,462,244.27,2,18.352708333333332,0.21709029505865624,12.48936170212766,103,BEEF,National,0.0
825,235,11487.51,790158,1800.39,0,48.88302127659575,0.13549093536224688,2.6153846153846154,206,COUPON/MISC ITEMS,National,8.0
826,25,202.12,4034,22.14,6,8.0848,0.09872469455096763,27.208333333333332,33,FROZEN PIZZA,National,0.0
827,18,277.53000000000003,130,57.76,94,15.418333333333335,0.17226878224820302,34.411764705882355,58,SOFT DRINKS,National,0.0
828,37,1123.16,60363,216.67000000000002,183,30.355675675675677,0.16171454587522296,12.25,96,COUPON/MISC ITEMS,National,0.0
829,30,1439.45,14157,316.9,6,47.98166666666667,0.18043100748711816,20.20689655172414,96,DELI MEATS,National,0.0
830,216,1586.47,1177,371.76,0,7.344768518518519,0.18984491096551476,2.832558139534884,85,FLUID MILK PRODUCTS,National,4.0
831,159,8538.32,2904,1352.29,0,53.70012578616352,0.13672463073561691,3.8987341772151898,174,CIGARETTES,National,1.0
832,12,427.14,150,46.07,20,35.595,0.09735635341603094,55.63636363636363,54,FLUID MILK PRODUCTS,National,0.0
833,34,1975.56,19712,601.05,78,58.10470588235294,0.2332716243436143,15.0,113,PORK,National,0.0
834,26,910.63,48560,142.42000000000002,89,35.02423076923077,0.13524524001709323,21.84,83,COUPON/MISC ITEMS,National,2.0
835,17,273.81,91,16.02,95,16.106470588235293,0.055273781182072254,29.8125,34,BATH,National,0.0
836,70,1540.75,706,302.69,0,22.010714285714286,0.16419845506227487,8.579710144927537,86,LUNCHMEAT,National,2.0
837,35,751.11,341,188.34,3,21.460285714285714,0.2004790036723615,16.88235294117647,78,SOFT DRINKS,National,0.0
838,31,374.38,6803,53.720000000000006,36,12.076774193548387,0.1254846998364868,20.033333333333335,61,FRZN MEAT/MEAT DINNERS,National,0.0
839,9,751.75,244,74.11,38,83.52777777777777,0.08973675925701692,69.625,92,IMPORTED WINE,National,0.0
840,201,11315.66,27450,1207.4,2,56.29681592039801,0.09641413520337683,3.015,199,BEEF,National,5.0
841,147,2331.56,91820,477.14,3,15.86095238095238,0.1698793035924093,4.212328767123288,116,INFANT FORMULA,National,1.0
842,493,7119.36,486117,1364.85,1,14.440892494929006,0.16086942685294212,1.1565040650406504,150,COUPON/MISC ITEMS,Private,7.0
843,69,2475.81,1205,420.65999999999997,24,35.88130434782609,0.14523195475872355,9.323529411764707,123,SOFT DRINKS,National,0.0
844,136,5136.83,12261,555.64,0,37.770808823529414,0.09760964923837982,4.474074074074074,150,DOG FOODS,National,4.0
845,116,5038.08,83522,752.59,13,43.431724137931035,0.12996596248793318,5.113043478260869,177,SOFT DRINKS,National,11.0
846,33,1052.89,408,162.82,7,31.90575757575758,0.13392996685064693,18.53125,94,FROZEN PIZZA,National,0.0
847,49,1359.22,124330,136.65,3,27.739183673469388,0.09135152118833856,11.895833333333334,112,COUPON/MISC ITEMS,National,0.0
848,26,2431.34,1008,376.69,18,93.51307692307692,0.13414742719985184,22.88,105,CHEESE,National,0.0
849,58,4279.84,1752,466.74,32,73.79034482758621,0.09833185156470554,9.947368421052632,146,COLD CEREAL,National,6.0
850,95,1245.03,5966,220.08,6,13.105578947368421,0.15021397710752096,6.75531914893617,99,BEEF,National,3.0
851,21,166.78,98,34.080000000000005,21,7.941904761904762,0.16967041720601417,32.65,18,CHICKEN/POULTRY,National,0.0
852,92,1874.3600000000001,747,199.2,1,20.373478260869565,0.0960666679526997,6.384615384615385,135,FLUID MILK PRODUCTS,National,1.0
853,500,13014.94,701913,529.3299999999999,1,26.029880000000002,0.039081471352830376,1.2364729458917836,159,DOMESTIC WINE,National,5.0
854,36,551.87,274,90.27000000000001,5,15.329722222222223,0.14057682125393217,16.17142857142857,78,BEEF,National,1.0
855,190,5109.12,2048,1072.8,1,26.890105263157896,0.17353831819240623,3.015873015873016,157,FLORAL- HARD GOODS,National,3.0
856,173,4819.21,162099,1167.12,13,27.85670520231214,0.19496419342067675,3.3197674418604652,152,COUPON/MISC ITEMS,National,6.0
857,41,3739.66,1639,505.54999999999995,15,91.21121951219511,0.11908715941025295,14.1,131,SOFT DRINKS,National,5.0
858,39,538.25,256,84.33000000000001,7,13.801282051282051,0.13545247197147356,15.947368421052632,80,FLUID MILK PRODUCTS,National,0.0
859,188,6817.53,270505,949.26,2,36.26345744680851,0.12222037675796564,3.2459893048128343,178,SOFT DRINKS,National,7.0
860,52,261.06,195,58.77,47,5.020384615384615,0.18375386924303538,10.980392156862745,29,SOFT DRINKS,National,0.0
861,31,1307.58,451,129.07999999999998,6,42.18,0.08984728467417483,21.3,73,BEEF,National,1.0
862,69,1737.3700000000001,929,312.03000000000003,11,25.17927536231884,0.15225431833707428,9.352941176470589,116,BEEF,National,1.0
863,136,2031.79,145628,294.48,3,14.939632352941176,0.12658891702166988,4.777777777777778,109,INFANT FORMULA,National,3.0
864,104,7480.77,3217,1256.6399999999999,3,71.93048076923077,0.14382294066548323,6.398058252427185,162,DELI MEATS,National,7.0
865,33,1757.63,34151,416.89,2,53.261515151515155,0.1917158729282784,17.9375,89,BEEF,National,0.0
866,132,5397.86,172012,1268.13,1,40.89287878787879,0.1902388092391378,4.977099236641221,140,BEEF,National,0.0
867,169,5636.96,451931,744.01,2,33.35479289940828,0.11659826013913245,3.869047619047619,174,COUPON/MISC ITEMS,National,3.0
868,152,6541.17,478622,816.24,5,43.03401315789474,0.11094121436755598,3.8741721854304636,166,COUPON/MISC ITEMS,National,6.0
869,116,1226.79,589,205.23,2,10.575775862068966,0.14331503749947627,5.3652173913043475,102,DOMESTIC WINE,National,0.0
870,12,241.41,100,35.85,265,20.1175,0.1293010170958667,29.818181818181817,46,BEERS/ALES,National,0.0
871,125,9829.54,73147,1201.3899999999999,1,78.63632000000001,0.10891103469970345,4.612903225806452,177,SOFT DRINKS,National,6.0
872,8,167.08,56,17.16,113,20.884999999999998,0.09313938341293965,75.14285714285714,32,CIGARETTES,National,0.0
873,112,2929.48,188779,842.39,41,26.15607142857143,0.22333484452009217,5.054054054054054,114,COUPON/MISC ITEMS,Private,4.0
874,5,222.22,82,30.15,126,44.444,0.11946744858739151,133.0,34,CIGARETTES,National,0.0
875,67,1470.97,903,379.1,3,21.954776119402986,0.20491116552346667,9.590909090909092,118,FRZN MEAT/MEAT DINNERS,National,0.0
876,193,5658.31,338337,864.28,0,29.317668393782384,0.13250564576341606,3.0052083333333335,156,COUPON/MISC ITEMS,National,8.0
877,59,3166.82,72066,429.32,0,53.67491525423729,0.11938356126290967,10.241379310344827,133,COUPON/MISC ITEMS,National,4.0
878,176,5703.37,44552,1445.0500000000002,2,32.405511363636364,0.20214956591806305,3.3771428571428572,148,SOFT DRINKS,National,9.0
879,92,2404.22,226378,420.94000000000005,7,26.13282608695652,0.1489968709736794,6.549450549450549,113,COUPON/MISC ITEMS,National,2.0
880,12,197.39,99,44.2,10,16.449166666666667,0.1829545924914111,53.63636363636363,55,BAKED BREAD/BUNS/ROLLS,National,0.0
881,134,4090.76,2622,908.74,8,30.528059701492538,0.18176617661766176,4.383458646616542,148,BEEF,National,6.0
882,224,4345.93,112510,916.73,2,19.401473214285716,0.17419517886392052,2.600896860986547,150,SOFT DRINKS,National,3.0
883,328,9634.04,522974,1146.9,0,29.37207317073171,0.10638218930816794,1.9694189602446484,175,CHEESE,National,8.0
884,69,671.35,345,73.49000000000001,7,9.729710144927537,0.09866548520487622,9.735294117647058,77,CIGARETTES,National,1.0
885,77,2333.44,36555,475.18000000000006,0,30.304415584415587,0.16918629077625313,8.105263157894736,109,SOFT DRINKS,National,1.0
886,187,4435.56,337229,594.94,6,23.719572192513372,0.1182665738992148,3.553763440860215,152,COUPON/MISC ITEMS,National,3.0
887,46,1119.26,587,248.36999999999995,11,24.331739130434784,0.18160613616255855,14.822222222222223,102,BEEF,National,0.0
888,76,8253.29,3663,1249.87,11,108.5959210526316,0.13152151494871178,8.8,164,CHEESE,National,12.0
889,204,12278.05,992904,1707.7800000000002,1,60.18651960784313,0.12210787632911313,3.1773399014778323,165,COUPON/MISC ITEMS,National,12.0
890,30,1031.64,24220,327.68,72,34.388000000000005,0.24106170732425033,18.724137931034484,100,SOFT DRINKS,National,0.0
891,107,6698.14,3195,1400.7800000000002,5,62.59943925233645,0.17295886365095595,5.669811320754717,158,SOFT DRINKS,National,7.0
892,22,443.31,253,136.81,78,20.150454545454547,0.2358305178238985,25.333333333333332,87,SOFT DRINKS,National,0.0
893,99,4430.79,12854,557.6800000000001,3,44.75545454545455,0.11179379649471682,6.346938775510204,121,FROZEN PIZZA,National,2.0
894,30,1062.31,437,164.09,19,35.410333333333334,0.13379810828440966,21.06896551724138,85,COFFEE,National,0.0
895,205,8430.78,389679,834.5899999999999,0,41.12575609756098,0.09007627326269753,3.25,146,SOFT DRINKS,National,10.0
896,109,4980.5,133831,1431.9099999999999,25,45.69266055045872,0.22330293914456498,5.62037037037037,165,COUPON/MISC ITEMS,National,8.0
897,59,786.22,298,93.08,7,13.325762711864407,0.10585693165017626,10.46551724137931,83,DIAPERS & DISPOSABLES,National,0.0
898,300,7907.28,663785,1112.0500000000002,0,26.357599999999998,0.1232962980620512,1.9297658862876255,161,COUPON/MISC ITEMS,National,5.0
899,12,315.15,105,57.37,45,26.2625,0.15400515408568669,53.72727272727273,46,BEEF,National,0.0
900,1156,15549.69,1201392,1398.8200000000002,0,13.451288927335641,0.08253350884532032,0.5376623376623376,213,COUPON/MISC ITEMS,National,8.0
901,75,2629.9,5303,484.19000000000005,39,35.065333333333335,0.15548362442960867,7.297297297297297,146,BEEF,National,3.0
902,10,135.23000000000002,41,5.32,77,13.523,0.037851298470295267,64.55555555555556,17,MISC WINE,National,0.0
903,69,2741.64,835,353.5,5,39.73391304347826,0.11421131192773187,9.029411764705882,124,DOMESTIC WINE,National,3.0
904,30,826.91,31826,124.56,2,27.56366666666667,0.13091321849348903,22.689655172413794,88,COUPON/MISC ITEMS,National,0.0
905,31,851.9300000000001,58416,98.09,23,27.481612903225805,0.10325045788509715,21.433333333333334,97,COUPON/MISC ITEMS,National,0.0
906,368,6828.36,603180,1328.95,2,18.55532608695652,0.16291522573005074,1.7138964577656677,106,COUPON/MISC ITEMS,National,6.0
907,87,1772.16,917,447.48,2,20.369655172413793,0.20160025950154076,7.848837209302325,102,BAKING MIXES,National,3.0
908,192,5908.07,186143,1478.04,2,30.771197916666665,0.20011074841831492,3.0837696335078535,160,BEEF,National,4.0
909,701,12119.98,1028997,1964.9499999999998,3,17.2895577746077,0.13950726059696425,0.8757142857142857,229,COUPON/MISC ITEMS,National,12.0
910,34,1158.1100000000001,53970,162.94,41,34.06205882352941,0.12334128155633774,17.727272727272727,91,COUPON/MISC ITEMS,National,0.0
911,73,3615.34,76120,439.74,0,49.525205479452055,0.10844175700602701,8.333333333333334,153,COUPON/MISC ITEMS,National,3.0
912,20,1164.11,4516,187.98999999999998,67,58.20550000000001,0.13903557429184232,27.63157894736842,104,SOFT DRINKS,National,0.0
913,66,1660.59,19205,262.34000000000003,16,25.160454545454545,0.13642722303984028,9.923076923076923,88,COLD CEREAL,National,2.0
914,57,1753.3600000000001,591,160.23000000000002,9,30.760701754385966,0.0837326700076819,10.589285714285714,97,BEEF,National,0.0
915,114,931.69,562,78.98,1,8.172719298245614,0.07814618025666142,5.371681415929204,62,BREAD,Private,2.0
916,190,3177.79,211106,511.28000000000003,0,16.725210526315788,0.13859319557503652,3.105820105820106,145,COUPON/MISC ITEMS,National,4.0
917,43,488.48,241,114.21000000000001,115,11.360000000000001,0.18950040651080988,11.357142857142858,66,PREPAID WIRELESS&ACCESSORIES,National,0.0
918,152,3135.38,6175,510.31,78,20.6275,0.1399762459232683,3.9205298013245033,148,FROZEN PIZZA,National,5.0
919,125,1283.97,8482,181.42000000000002,7,10.27176,0.1238032196207153,4.508064516129032,93,FRZN MEAT/MEAT DINNERS,National,1.0
920,224,5488.59,134858,1009.7700000000001,3,24.50263392857143,0.15538843646704706,2.8295964125560538,169,SOFT DRINKS,National,6.0
921,8,101.3,48,20.87,78,12.6625,0.17082753540148973,78.42857142857143,20,CHICKEN/POULTRY,Private,0.0
922,145,3292.9,159983,338.9,0,22.709655172413793,0.09331460983534334,4.465277777777778,157,COUPON/MISC ITEMS,National,4.0
923,158,3251.98,315350,623.3299999999999,27,20.58215189873418,0.1608464871197401,3.8917197452229297,129,COUPON/MISC ITEMS,National,2.0
924,91,2227.55,831,273.55,4,24.47857142857143,0.10937187637439526,7.511111111111111,84,FROZEN PIZZA,National,3.0
925,79,485.24,263,76.49000000000001,32,6.142278481012658,0.13616862193580548,7.782051282051282,49,ICE CREAM/MILK/SHERBTS,National,1.0
926,237,7192.31,694396,985.02,3,30.347299578059072,0.12045741091529875,2.860169491525424,172,COUPON/MISC ITEMS,National,9.0
927,44,1405.98,646,453.70000000000005,0,31.954090909090908,0.24396670394906653,15.116279069767442,124,BEEF,National,1.0
928,131,3498.46,123514,507.4700000000001,0,26.705801526717558,0.1266796973486806,4.8,159,COUPON/MISC ITEMS,National,5.0
929,233,5057.1,310544,1083.3000000000002,1,21.704291845493564,0.17642173148329102,2.6120689655172415,148,COUPON/MISC ITEMS,National,5.0
930,40,929.02,324,442.96,11,23.2255,0.3228618492980947,15.538461538461538,42,SOFT DRINKS,National,0.0
931,42,4967.07,49762,1036.45,15,118.26357142857142,0.17264038430787274,14.0,124,CANNED JUICES,National,4.0
932,156,5813.07,5186,838.25,28,37.26326923076923,0.12602761557104455,4.174193548387096,159,SOFT DRINKS,National,12.0
933,78,2175.19,67923,446.55,25,27.88705128205128,0.1703258141539588,7.8311688311688314,104,SOFT DRINKS,National,0.0
934,222,10127.98,137348,3239.84,1,45.62153153153153,0.2423611329296774,2.927601809954751,197,BEEF,National,9.0
935,56,1537.25,282039,124.02,15,27.450892857142858,0.07465372877376947,11.4,102,COUPON/MISC ITEMS,Private,1.0
936,489,7042.87,61752,1506.39,4,14.402597137014315,0.1762012150759247,1.2561475409836065,191,FLUID MILK PRODUCTS,National,10.0
937,62,1531.3700000000001,1056,330.51,3,24.69951612903226,0.1775141255075515,9.836065573770492,98,FLUID MILK PRODUCTS,National,0.0
938,26,1647.3600000000001,10304,252.86,41,63.36,0.1330688025597036,23.64,109,BEERS/ALES,National,2.0
939,144,4882.98,26436,1277.18,2,33.90958333333333,0.20732903041479445,4.174825174825175,166,SOFT DRINKS,National,2.0
940,65,1261.6200000000001,578,201.67000000000002,2,19.40953846153846,0.137819570966794,9.03125,100,FROZEN PIZZA,National,1.0
941,111,2065.81,83626,253.83,0,18.6109009009009,0.10942646272697489,5.3090909090909095,132,COUPON/MISC ITEMS,National,5.0
942,215,5890.14,32713,774.21,3,27.396,0.11617186972472934,2.7850467289719627,151,CIGARETTES,National,7.0
943,144,3434.14,103393,692.28,4,23.848194444444445,0.16776770178508246,4.3776223776223775,142,COUPON/MISC ITEMS,National,3.0
944,100,2750.15,347749,347.46,1,27.5015,0.11217035068972529,6.181818181818182,145,COUPON/MISC ITEMS,National,1.0
945,48,1876.43,23796,318.26,20,39.09229166666667,0.14501364657423144,12.680851063829786,105,BEEF,National,0.0
946,123,2425.29,1418,524.73,4,19.71780487804878,0.17787337035003153,5.377049180327869,136,BEEF,National,3.0
947,212,2185.9,16727,288.89,3,10.310849056603773,0.11673313695303439,3.1800947867298577,102,BEERS/ALES,National,7.0
948,4,304.85,146,74.47999999999999,311,76.2125,0.1963461893338254,106.66666666666667,46,CHICKEN,National,0.0
949,127,5482.92,480727,788.87,2,43.17259842519685,0.1257806782433723,4.484126984126984,150,COUPON/MISC ITEMS,National,8.0
950,58,2027.0,40210,342.34,73,34.94827586206897,0.14448749440772535,9.24561403508772,117,BEEF,National,0.0
951,15,523.92,45401,63.559999999999995,12,34.928000000000004,0.10819091713760469,46.642857142857146,58,COUPON/MISC ITEMS,National,0.0
952,107,2118.62,37399,332.42999999999995,11,19.80018691588785,0.13562758817649578,5.386792452830188,133,BAG SNACKS,National,4.0
953,111,2454.45,15263,526.4200000000001,12,22.11216216216216,0.17659944915410605,5.909090909090909,150,INFANT FORMULA,National,2.0
954,52,2464.63,1265,854.0,7,47.39673076923077,0.2573351051488114,12.098039215686274,138,BEERS/ALES,National,3.0
955,250,3709.16,64903,619.6700000000001,1,14.83664,0.14314953463175964,2.5060240963855422,121,BEEF,National,7.0
956,599,9932.61,1073424,1124.71,1,16.581986644407348,0.10171632909240215,1.0551839464882944,171,COUPON/MISC ITEMS,National,4.0
957,567,3705.01,75958,690.7900000000001,7,6.534409171075838,0.15714773192592932,1.1413427561837455,154,CANDY - PACKAGED,National,4.0
958,10,310.99,134,60.47,167,31.099,0.16279007160932535,45.77777777777778,47,BEERS/ALES,National,0.0
959,57,975.19,70431,116.55,15,17.10859649122807,0.10675618737061937,10.017857142857142,93,COUPON/MISC ITEMS,National,0.0
960,105,2423.53,15804,220.75,7,23.081238095238096,0.08348208207905365,6.1826923076923075,112,COFFEE,National,5.0
961,70,3797.9900000000002,1407,343.35,0,54.257,0.08290794766911193,8.376811594202898,156,PREPARED FOOD,National,8.0
962,51,1430.34,670,470.78999999999996,27,28.045882352941174,0.24763693171955625,10.88,111,BEEF,National,0.0
963,43,2036.66,150550,266.07,95,47.36418604651163,0.11554546125685598,13.238095238095237,118,COUPON/MISC ITEMS,National,0.0
964,78,1862.58,4073,310.13,0,23.87923076923077,0.1427387916472976,7.558441558441558,108,FROZEN PIZZA,National,1.0
965,51,1743.96,851,407.61,13,34.19529411764706,0.18944770562891283,13.28,96,CIGARETTES,National,1.0
966,16,202.06,57,31.299999999999997,29,12.62875,0.13412752828248198,37.6,15,MAGAZINE,National,0.0
967,10,299.38,147,69.56,17,29.938,0.18854014202851413,64.11111111111111,49,PREPAID WIRELESS&ACCESSORIES,National,0.0
968,161,9035.97,4735,1939.46,6,56.124037267080745,0.17670924966037777,4.0125,171,SOFT DRINKS,National,10.0
969,7,296.57,177,46.519999999999996,72,42.36714285714286,0.13559124427992655,91.83333333333333,38,VALUE ADDED FRUIT,National,0.0
970,13,665.35,35727,107.46000000000001,27,51.18076923076923,0.13905099571692914,46.833333333333336,66,COUPON/MISC ITEMS,National,0.0
971,120,3524.43,6529,452.84,0,29.37025,0.11385699235908046,5.319327731092437,151,BEERS/ALES,National,3.0
972,183,4081.17,111747,504.87,0,22.301475409836065,0.1100884423162467,3.2527472527472527,145,WATER - CARBONATED/FLVRD DRINK,National,7.0
973,80,12987.56,116494,1517.5900000000001,15,162.34449999999998,0.10462421967370211,7.253164556962025,189,REFRIGERATED,National,9.0
974,37,1797.75,16819,322.84000000000003,12,48.58783783783784,0.15224065000778086,16.75,100,FRZN MEAT/MEAT DINNERS,National,0.0
975,169,4438.65,509351,446.61,5,26.26420118343195,0.09141990395598189,3.386904761904762,101,COUPON/MISC ITEMS,National,4.0
976,76,5738.38,19824,596.5800000000002,1,75.505,0.09417265460239688,8.186666666666667,177,CHEESE,National,3.0
977,31,942.83,497,205.5,27,30.413870967741936,0.17895552672141285,18.066666666666666,97,SOFT DRINKS,National,0.0
978,67,2683.32,937,360.46000000000004,3,40.04955223880597,0.1184251161384857,8.636363636363637,147,DIAPERS & DISPOSABLES,National,3.0
979,194,12250.130000000001,368866,2735.9300000000003,5,63.144999999999996,0.18256499707061097,3.38860103626943,191,BEEF,National,13.0
980,27,1249.89,32535,258.0,21,46.29222222222223,0.17110001392674531,22.807692307692307,88,COUPON/MISC ITEMS,National,0.0
981,35,1370.6200000000001,517,226.52000000000004,19,39.16057142857142,0.14182851847677724,17.176470588235293,89,SOFT DRINKS,National,0.0
982,390,17857.1,1288500,2281.59,0,45.78743589743589,0.11329386370215741,1.5861182519280206,190,COUPON/MISC ITEMS,National,14.0
983,184,3646.16,1753,786.49,1,19.816086956521737,0.17743110780233046,3.377049180327869,153,BEEF,National,6.0
984,31,1146.98,595,399.24,38,36.99935483870968,0.25820387784403254,19.133333333333333,101,INFANT FORMULA,National,1.0
985,106,1922.61,69103,489.93999999999994,3,18.137830188679246,0.2030797289175354,6.457142857142857,144,COUPON/MISC ITEMS,National,0.0
986,88,1792.16,804,439.34000000000003,2,20.365454545454547,0.19688102173425948,7.471264367816092,85,SOFT DRINKS,National,2.0
987,74,2328.75,1003,450.83000000000004,0,31.469594594594593,0.16219356881255442,8.945205479452055,141,BEERS/ALES,National,3.0
988,189,5922.88,486888,1613.18,8,31.33798941798942,0.21406145917097263,3.5372340425531914,141,COUPON/MISC ITEMS,Private,5.0
989,169,4500.26,58557,931.7,1,26.628757396449707,0.17152188160443008,3.7857142857142856,173,BEEF,National,8.0
990,16,247.12,32962,25.330000000000005,113,15.445,0.09297118737383009,32.333333333333336,30,COUPON/MISC ITEMS,National,0.0
991,31,1419.8799999999999,21557,39.92,18,45.802580645161285,0.027346211809836967,20.7,39,INFANT FORMULA,National,0.0
992,91,770.01,33302,54.07,0,8.461648351648352,0.06561256188719541,6.433333333333334,80,BEERS/ALES,National,0.0
993,117,2975.9900000000002,10678,599.3299999999999,6,25.43581196581197,0.16762975062372037,4.9655172413793105,143,FRZN NOVELTIES/WTR ICE,National,8.0
994,19,562.37,273,99.12,21,29.59842105263158,0.1498435350496606,35.72222222222222,74,BEEF,National,0.0
995,19,1172.79,405,182.0,201,61.72578947368421,0.13433816311014993,22.88888888888889,99,CIGARETTES,National,3.0
996,129,2114.22,7785,447.24,0,16.389302325581394,0.17460354641493522,5.2265625,114,CIGARETTES,National,5.0
997,85,4035.2400000000002,57072,391.41999999999996,11,47.47341176470589,0.08842332593874387,7.607142857142857,147,REFRGRATD JUICES/DRNKS,National,10.0
998,245,8227.01,279919,1932.3100000000002,0,33.579632653061225,0.19020072209557334,2.4098360655737703,168,SOFT DRINKS,National,10.0
999,54,2132.35,993,408.65000000000003,3,39.48796296296296,0.16082251082251084,12.69811320754717,130,SOFT DRINKS,National,3.0
1000,134,3998.29,82513,522.03,1,29.837985074626864,0.11548518688942376,4.7593984962406015,126,SOUP,National,3.0
1001,81,3748.95,1643,418.5,3,46.28333333333333,0.1004211208292841,8.3,130,FROZEN PIZZA,National,3.0
1002,28,895.45,449,151.76999999999998,35,31.980357142857144,0.1449265674834323,21.296296296296298,114,FRZN MEAT/MEAT DINNERS,National,0.0
1003,63,2588.73,1055,593.97,0,41.09095238095238,0.18662456404939204,10.564516129032258,127,BEEF,National,2.0
1004,246,3666.87,451749,432.75,1,14.905975609756098,0.105558563964465,2.4448979591836735,113,COUPON/MISC ITEMS,National,5.0
1005,168,2327.4,1448,578.77,1,13.85357142857143,0.19915214870430842,3.395209580838323,96,BEEF,National,3.0
1006,11,161.48,10962,68.25999999999999,21,14.68,0.2971184817619918,60.9,28,SOFT DRINKS,National,0.0
1007,119,1270.24,6524,300.83000000000004,4,10.674285714285714,0.19148096520205976,5.135593220338983,129,FLUID MILK PRODUCTS,National,4.0
1008,39,491.65,116552,34.05999999999999,16,12.606410256410255,0.0647885716459645,15.5,43,COUPON/MISC ITEMS,Private,0.0
1009,23,125.52,123,21.28,97,5.4573913043478255,0.1449591280653951,23.5,25,APPLES,National,0.0
1010,84,2302.58,259227,290.09000000000003,19,27.411666666666665,0.11188851647143679,6.963855421686747,107,COUPON/MISC ITEMS,Private,1.0
1011,137,3332.65,221688,375.98,0,24.325912408759123,0.10137975478815628,4.705882352941177,144,COUPON/MISC ITEMS,National,4.0
1012,120,2342.51,126914,410.78999999999996,10,19.520916666666665,0.14919914284676566,5.159663865546219,158,COUPON/MISC ITEMS,National,4.0
1013,33,904.3,2832,181.77,94,27.403030303030302,0.1673649028147357,16.8125,90,BEEF,National,0.0
1014,158,4175.29,67470,657.99,15,26.425886075949368,0.1361373642743644,3.8535031847133756,183,COUPON/MISC ITEMS,National,7.0
1015,105,3678.62,19539,712.01,1,35.03447619047619,0.16216579397489653,6.115384615384615,114,FRZN MEAT/MEAT DINNERS,National,5.0
1016,40,3089.84,19045,311.36,29,77.24600000000001,0.09154416088439374,16.692307692307693,155,SOFT DRINKS,National,4.0
1017,61,3364.92,1755,556.53,29,55.162622950819674,0.14191944306315266,10.416666666666666,146,SOFT DRINKS,National,4.0
1018,163,2007.34,37839,288.74,5,12.314969325153374,0.12575345806766317,3.962962962962963,115,SOFT DRINKS,National,5.0
1019,49,1468.92,566,249.22000000000003,16,29.97795918367347,0.145052207619868,13.645833333333334,107,CHICKEN/POULTRY,National,1.0
1020,164,8907.460000000001,43737,1358.77,2,54.313780487804884,0.13235335658756914,3.6564417177914113,188,BEEF,National,5.0
1021,95,2038.56,850,260.03,4,21.458526315789477,0.11312587281768387,6.148936170212766,126,SOFT DRINKS,National,1.0
1022,36,263.27,152,58.099999999999994,102,7.313055555555555,0.18078849923763884,15.4,54,FRZN NOVELTIES/WTR ICE,National,0.0
1023,575,36262.36,4277327,1990.4099999999999,0,63.06497391304348,0.05203309459680958,1.0034843205574913,191,COUPON/MISC ITEMS,National,0.0
1024,138,8957.37,110158,1965.04,5,64.90847826086957,0.17990901275451113,4.401459854014599,167,SOFT DRINKS,National,7.0
1025,79,3418.03,1804,741.0899999999999,28,43.266202531645575,0.17818432745388446,7.82051282051282,111,SOFT DRINKS,National,3.0
1026,26,412.54,257,132.82999999999998,252,15.866923076923078,0.24355941837651499,16.96,47,SOFT DRINKS,National,0.0
1027,39,1038.1,477,199.45,14,26.617948717948714,0.1611652054462446,16.18421052631579,86,COFFEE,National,0.0
1028,12,121.91,94,15.100000000000001,125,10.159166666666666,0.11021093350850304,47.63636363636363,29,FROZEN PIZZA,National,0.0
1029,262,13116.14,1414831,1267.33,0,50.061603053435114,0.0881101709114699,2.260536398467433,168,COUPON/MISC ITEMS,National,13.0
1030,30,1260.29,439,114.24999999999999,19,42.00966666666667,0.08311871607956116,20.103448275862068,98,CANDY - PACKAGED,National,0.0
1031,146,4232.12,382638,333.5,126,28.98712328767123,0.0730459389962371,3.3655172413793104,148,COUPON/MISC ITEMS,National,2.0
1032,92,2473.76,16961,218.74,27,26.888695652173915,0.08124048282265553,6.186813186813187,134,INFANT FORMULA,National,7.0
1033,26,1366.97,572,468.01,43,52.57576923076923,0.2550491013526033,22.48,91,BEEF,National,0.0
1034,65,686.85,57758,97.63,0,10.566923076923077,0.12445186620436467,9.90625,65,COUPON/MISC ITEMS,National,2.0
1035,4,183.04,57,11.790000000000001,276,45.76,0.06051429451316533,65.0,20,SPICES & EXTRACTS,National,0.0
1036,27,1231.17,495,146.73,25,45.598888888888894,0.10648813411713476,21.346153846153847,81,CONVENIENT BRKFST/WHLSM SNACKS,National,0.0
1037,31,1016.18,530,83.5,24,32.78,0.07593117997963045,21.266666666666666,44,BAKING NEEDS,National,0.0
1038,272,1591.73,1120,318.28,0,5.851948529411764,0.16663787100591096,2.217712177121771,126,SOFT DRINKS,National,2.0
1039,75,4870.07,1624,591.1,6,64.93426666666666,0.1082368796430069,7.675675675675675,134,ISOTONIC DRINKS,National,4.0
1040,223,5471.59,1975,802.92,0,24.53627802690583,0.12796537100108216,2.8603603603603602,140,FROZEN PIZZA,National,7.0
1041,267,6638.78,3306,1025.74,0,24.864344569288388,0.1338296462139834,2.2857142857142856,168,BEEF,National,8.0
1042,241,5033.92,143169,1218.6100000000001,5,20.887634854771786,0.1948987050042143,2.675,168,COUPON/MISC ITEMS,National,7.0
1043,19,988.73,688,403.17,15,52.03842105263158,0.2896544291974998,31.055555555555557,74,BEEF,National,0.0
1044,19,421.23,7773,95.94,56,22.17,0.1855096003248448,31.833333333333332,64,SOFT DRINKS,National,0.0
1045,290,4706.49,527301,786.87,1,16.229275862068963,0.14324020271746254,2.110726643598616,163,COUPON/MISC ITEMS,National,5.0
1046,150,4237.34,178250,482.23,3,28.248933333333333,0.10217668135020776,4.221476510067114,154,COUPON/MISC ITEMS,National,4.0
1047,74,1008.79,475,193.29999999999995,13,13.632297297297297,0.16080326764218983,7.671232876712328,98,BEEF,National,2.0
1048,102,1934.45,177055,231.8,35,18.965196078431372,0.10700519330640508,5.821782178217822,115,COUPON/MISC ITEMS,National,1.0
1049,54,652.72,389,177.6,26,12.087407407407408,0.21389343867424607,10.49056603773585,83,SALAD BAR,National,0.0
1050,130,4838.95,646539,620.06,0,37.222692307692306,0.11358469759168785,4.395348837209302,131,COUPON/MISC ITEMS,National,5.0
1051,52,2119.31,25957,287.06,13,40.755961538461534,0.11929171324443041,11.843137254901961,129,SOFT DRINKS,National,1.0
1052,7,231.66,109,31.05,452,33.09428571428571,0.118191161356629,25.333333333333332,48,BAKED BREAD/BUNS/ROLLS,National,0.0
1053,89,4353.2300000000005,35785,461.52,1,48.912696629213485,0.09585544420790279,6.534090909090909,115,SALADS/DIPS,National,5.0
1054,40,1010.35,387,170.05,31,25.25875,0.1440613351406303,14.179487179487179,102,CAT FOOD,National,0.0
1055,80,1186.29,8957,232.48,22,14.828624999999999,0.1638602451419187,7.670886075949367,81,FLUID MILK PRODUCTS,National,5.0
1056,65,4805.49,1996,780.6300000000001,20,73.93061538461538,0.13974458121200406,10.03125,127,MEAT - MISC,National,8.0
1057,171,7470.78,3339,699.8900000000001,11,43.68877192982456,0.08565882602038757,3.635294117647059,94,SALADS/DIPS,National,7.0
1058,547,3241.56,26326,543.3399999999999,0,5.926069469835466,0.14355465137784354,1.1355311355311355,138,SOFT DRINKS,National,4.0
1059,5,72.91,36,11.520000000000001,128,14.581999999999999,0.13644439180386123,130.25,26,ORAL HYGIENE PRODUCTS,National,0.0
1060,64,6096.93,14162,901.9,11,95.26453125,0.12886439590617288,10.65079365079365,131,SOFT DRINKS,National,9.0
1061,133,5703.2,111768,1404.85,0,42.8812030075188,0.19764211000203996,4.515151515151516,144,MEAT - MISC,National,3.0
1062,201,1418.85,875,317.53,0,7.058955223880598,0.18286895725590022,3.06,94,FROZEN PIZZA,National,2.0
1063,57,1327.48,868,501.1,62,23.289122807017545,0.2740377779479159,9.589285714285714,89,FLUID MILK PRODUCTS,National,0.0
1064,42,2808.8,1329,732.01,3,66.87619047619049,0.2067351820628613,13.951219512195122,139,SPRING/SUMMER SEASONAL,National,5.0
1065,46,4915.26,2264,1069.91,27,106.85347826086957,0.17876016888409185,13.777777777777779,131,BEEF,National,5.0
1066,240,3016.18,2043,648.23,1,12.567416666666666,0.17689887321560635,2.4435146443514646,122,WATER - CARBONATED/FLVRD DRINK,National,7.0
1067,59,3461.42,81624,663.04,13,58.66813559322034,0.16075801438248885,10.982758620689655,155,COUPON/MISC ITEMS,National,3.0
1068,105,1270.27,2636,310.56000000000006,2,12.097809523809524,0.19645376163154804,5.730769230769231,109,MEAT - MISC,National,0.0
1069,55,3433.27,1417,683.26,2,62.42309090909091,0.16597959932273057,11.333333333333334,121,INFANT FORMULA,National,7.0
1070,167,4945.78,555459,740.6,2,29.615449101796404,0.1302410320801635,3.891566265060241,163,COUPON/MISC ITEMS,National,8.0
1071,81,1877.35,1272,319.57000000000005,3,23.17716049382716,0.1454627387433316,7.1875,141,SOFT DRINKS,National,3.0
1072,58,2468.52,7136,574.91,35,42.56068965517241,0.18890199544592778,9.43859649122807,133,FROZEN PIZZA,National,2.0
1073,113,2772.08,97252,335.81,0,24.531681415929203,0.1080507997387295,5.116071428571429,137,COUPON/MISC ITEMS,National,5.0
1074,126,7437.2,142775,1608.8400000000001,0,59.025396825396825,0.1778501974344575,4.52,152,COUPON/MISC ITEMS,National,6.0
1075,65,1406.76,23660,367.17,8,21.64246153846154,0.2069811097393922,9.765625,92,BEEF,National,1.0
1076,83,2211.53,656,251.88,9,26.64493975903615,0.1022485091803638,7.024390243902439,120,BEERS/ALES,National,1.0
1077,33,1381.55,124205,196.68,2,41.86515151515152,0.12462061930136926,12.625,73,COUPON/MISC ITEMS,National,0.0
1078,243,6653.4,841569,836.74,3,27.380246913580244,0.11171219763582524,2.3388429752066116,167,COUPON/MISC ITEMS,National,9.0
1079,50,1001.3,126339,162.42,21,20.026,0.13956965593097995,11.83673469387755,52,COUPON/MISC ITEMS,National,0.0
1080,83,2134.38,970,438.99,12,25.71542168674699,0.1705895382319682,7.939024390243903,97,INFANT FORMULA,National,0.0
1081,138,10010.65,15363,1226.54,0,72.5409420289855,0.10915006331654088,4.474452554744525,198,BEEF,National,8.0
1082,131,1893.01,57258,508.62,1,14.450458015267175,0.2117811652919059,5.092307692307692,90,SOFT DRINKS,Private,6.0
1083,52,1301.75,5486,333.53,5,25.033653846153847,0.20395895504133849,13.117647058823529,94,BEEF,National,1.0
1084,217,2300.98,1139,313.31000000000006,9,10.603594470046083,0.11984515872378354,2.8796296296296298,117,FRZN MEAT/MEAT DINNERS,National,6.0
1085,104,4733.34,254504,848.78,7,45.512884615384614,0.1520533417411306,5.504854368932039,157,COUPON/MISC ITEMS,National,7.0
1086,28,1125.6,15958,205.79,35,40.199999999999996,0.1545677825430565,21.185185185185187,87,SMOKED MEATS,National,0.0
1087,148,3008.25,185647,741.38,1,20.326013513513512,0.19772084178972324,3.8435374149659864,145,COUPON/MISC ITEMS,National,6.0
1088,87,1361.21,23296,420.4,3,15.646091954022989,0.23596634504745703,7.4186046511627906,56,FRZN MEAT/MEAT DINNERS,National,2.0
1089,92,2199.44,86414,381.63,5,23.90695652173913,0.14785728399462236,6.967032967032967,110,BEEF,National,1.0
1090,12,307.87,118,37.32,1,25.655833333333334,0.1081143717952432,53.81818181818182,48,CAKES,National,0.0
1091,116,5617.4,723929,461.03999999999996,17,48.42586206896552,0.07584840847322669,5.043478260869565,143,COUPON/MISC ITEMS,National,5.0
1092,40,886.36,4857,172.85000000000002,13,22.159,0.16318765872678695,15.051282051282051,68,DOG FOODS,National,0.0
1093,30,865.94,396,169.06,2,28.864666666666665,0.16334299516908213,20.79310344827586,95,BEEF,National,0.0
1094,89,5668.9,20889,1041.95,2,63.695505617977524,0.15526349121199254,7.5227272727272725,154,BEEF,National,8.0
1095,30,599.54,195,42.370000000000005,39,19.984666666666666,0.06600613793210887,21.551724137931036,67,IMPORTED WINE,National,0.0
1096,46,589.39,290,76.94,9,12.812826086956521,0.11546831149730614,14.844444444444445,79,REFRIGERATED,National,0.0
1097,158,8503.04,525221,1093.73,8,53.8167088607595,0.11396855400306562,4.044585987261146,181,COUPON/MISC ITEMS,National,4.0
1098,431,9095.960000000001,567024,1671.9099999999999,0,21.104315545243622,0.15526840498631575,1.472093023255814,158,COUPON/MISC ITEMS,National,7.0
1099,28,683.13,8089,185.45,35,24.3975,0.2135094061571761,20.333333333333332,53,SOFT DRINKS,National,0.0
1100,24,291.78,51082,10.91,6,12.157499999999999,0.03604347682447388,24.47826086956522,27,COUPON/MISC ITEMS,Private,0.0
1101,16,190.78,19371,43.22,22,11.92375,0.1847008547008547,38.86666666666667,29,COUPON/MISC ITEMS,Private,0.0
1102,79,2180.0,914,649.01,10,27.59493670886076,0.2294124092880548,8.461538461538462,133,PORK,National,2.0
1103,194,5895.34,463422,699.51,1,30.38835051546392,0.1060691296996899,2.9326424870466323,158,COUPON/MISC ITEMS,National,6.0
1104,113,3193.0,5692,423.73,2,28.256637168141594,0.11715831704329602,5.669642857142857,144,FRZN MEAT/MEAT DINNERS,National,8.0
1105,8,388.54,15450,63.64,3,48.5675,0.14074041310982352,88.14285714285714,62,COUPON/MISC ITEMS,National,0.0
1106,33,635.9,282,136.04000000000002,4,19.26969696969697,0.1762313133145063,20.375,66,SOFT DRINKS,National,0.0
1107,22,877.32,497,223.32,35,39.878181818181815,0.20290013083296987,30.428571428571427,70,LUNCHMEAT,National,0.0
1108,22,292.1,158,58.629999999999995,6,13.27727272727273,0.16716562598009863,28.952380952380953,52,BEERS/ALES,National,0.0
1109,85,3009.57,1317,464.95,12,35.406705882352945,0.13381704523214716,7.178571428571429,128,SPRING/SUMMER SEASONAL,National,0.0
1110,130,5308.17,1362,1245.28,24,40.832076923076926,0.190018997627204,5.015503875968992,150,CIGARETTES,National,1.0
1111,315,18435.85,10957,2480.88,6,58.52650793650793,0.11860744963481386,2.054140127388535,185,HISPANIC,National,12.0
1112,52,1889.45,225082,158.68,7,36.33557692307692,0.07747555086835309,11.372549019607844,107,COUPON/MISC ITEMS,National,0.0
1113,167,4198.0,36098,1021.27,10,25.137724550898202,0.19567295809567237,3.6265060240963853,143,BEERS/ALES,National,7.0
1114,37,735.26,377,192.96,8,19.87189189189189,0.20788175217082158,18.02777777777778,72,BEEF,National,0.0
1115,50,1813.76,127128,145.61,9,36.2752,0.07431470319541486,12.755102040816327,119,DOMESTIC WINE,National,0.0
1116,61,2754.46,3791,572.6099999999999,27,45.155081967213114,0.17210638790286947,10.883333333333333,94,SOFT DRINKS,National,3.0
1117,180,3590.23,168173,464.64,2,19.945722222222223,0.11458813722758066,3.6983240223463687,147,COUPON/MISC ITEMS,National,6.0
1118,16,945.89,12776,157.01,88,59.118125,0.14236104814579742,35.333333333333336,45,BEERS/ALES,National,0.0
1119,65,2123.88,18686,616.15,5,32.67507692307692,0.2248698006956128,8.875,140,DOG FOODS,National,2.0
1120,85,1688.96,16195,304.65000000000003,15,19.870117647058823,0.15281323829635687,7.107142857142857,120,BEERS/ALES,National,1.0
1121,61,2486.64,1181,667.6999999999999,1,40.76459016393442,0.21167661063804155,10.533333333333333,134,SOFT DRINKS,National,2.0
1122,77,1236.98,26983,161.4,185,16.064675324675324,0.11541927087057881,5.065789473684211,91,FRZN MEAT/MEAT DINNERS,National,3.0
1123,73,3915.81,1344,622.28,9,53.64123287671233,0.13712376792879824,9.305555555555555,133,BEERS/ALES,National,4.0
1124,73,1829.49,3033,455.08,5,25.06150684931507,0.19919722310981933,8.819444444444445,119,SOFT DRINKS,National,1.0
1125,84,663.24,7885,104.57000000000001,21,7.895714285714286,0.13619254763548275,7.72289156626506,95,AUDIO/VIDEO PRODUCTS,National,1.0
1126,26,2406.9,1117,534.17,27,92.57307692307693,0.18162437480236782,22.2,105,FRZN MEAT/MEAT DINNERS,National,2.0
1127,24,1293.35,558,248.32999999999998,12,53.88958333333334,0.16107752581599294,24.304347826086957,107,SOFT DRINKS,National,2.0
1128,230,2940.46,89030,412.90999999999997,1,12.784608695652175,0.1231328484479792,2.9170305676855897,155,COUPON/MISC ITEMS,National,7.0
1129,70,2260.52,112046,315.44,1,32.293142857142854,0.12245531762915574,8.681159420289855,124,COUPON/MISC ITEMS,National,0.0
1130,346,6045.6,7002,1527.31,2,17.472832369942196,0.2016807277519474,1.9710144927536233,186,BEEF,National,6.0
1131,99,2894.27,1272,588.58,4,29.235050505050506,0.168993783826464,6.744897959183674,152,BEEF,National,4.0
1132,55,2021.7,1008,405.52,6,36.75818181818182,0.1670717940689348,12.055555555555555,115,BEEF,National,2.0
1133,110,1305.26,14012,219.54000000000002,0,11.866,0.14397953830010496,5.990825688073395,108,SOFT DRINKS,National,1.0
1134,50,4994.0,2024,710.88,4,99.88,0.12460910658944623,12.081632653061224,180,FLUID MILK PRODUCTS,National,7.0
1135,59,672.57,10382,127.21,6,11.399491525423729,0.15905624046612815,11.172413793103448,75,FLUID MILK PRODUCTS,National,0.0
1136,55,1839.22,937,455.06,3,33.440363636363635,0.19834545042453405,12.314814814814815,114,BEEF,National,2.0
1137,127,2024.74,24488,269.86,0,15.942834645669292,0.11760655451930621,4.936507936507937,65,ADULT INCONTINENCE,Private,4.0
1138,200,4257.05,2265,788.29,0,21.28525,0.1562412047552791,3.391959798994975,98,SOFT DRINKS,National,6.0
1139,89,7116.18,2228,624.47,12,79.95707865168539,0.08067410359595124,7.0,159,DOMESTIC WINE,National,7.0
1140,21,1164.18,19561,183.66000000000003,23,55.43714285714286,0.1362624643874644,29.5,91,DOG FOODS,National,0.0
1141,57,1045.61,541,248.87999999999997,13,18.344035087719302,0.19226104489026566,10.392857142857142,97,SOFT DRINKS,National,1.0
1142,270,14215.62,739984,1778.52,3,52.650444444444446,0.11119822635040083,2.379182156133829,184,BEERS/ALES,National,10.0
1143,12,173.31,69,55.29,47,14.4425,0.24186351706036746,51.90909090909091,25,SOFT DRINKS,National,0.0
1144,21,164.38,16621,8.04,181,7.827619047619048,0.04663032130843289,24.2,22,COUPON/MISC ITEMS,National,0.0
1145,79,3843.73,1563,813.55,9,48.65481012658228,0.17468350625257661,8.512820512820513,134,FROZEN PIZZA,National,5.0
1146,329,8370.79,461352,1920.39,0,25.443130699088147,0.1866054232847934,1.7896341463414633,149,COUPON/MISC ITEMS,National,9.0
1147,47,3407.17,1335,521.4300000000001,1,72.49297872340426,0.1327266710787558,13.130434782608695,110,SOFT DRINKS,National,0.0
1148,25,454.08,70073,49.3,25,18.1632,0.0979379395287854,25.833333333333332,53,COUPON/MISC ITEMS,Private,0.0
1149,17,307.90999999999997,102,48.08,11,18.112352941176468,0.1350599735947639,36.5,36,SEAFOOD - FROZEN,National,0.0
1150,14,845.39,449,153.99,131,60.385,0.1540855330304789,34.92307692307692,78,COLD CEREAL,National,0.0
1151,148,2594.04,14250,388.51,1,17.5272972972973,0.13026101825619016,4.394557823129252,95,INFANT FORMULA,National,2.0
1152,74,1279.41,55265,218.79,8,17.289324324324326,0.14603524229074888,7.726027397260274,100,SOFT DRINKS,National,0.0
1153,64,1134.93,609,283.71000000000004,84,17.73328125,0.19998731179157503,8.555555555555555,75,PORK,National,1.0
1154,122,3610.46,1788,770.1800000000001,0,29.59393442622951,0.17581449285949086,5.099173553719008,126,INFANT FORMULA,National,5.0
1155,36,1873.58,890,506.19,1,52.043888888888894,0.21270542951629778,17.37142857142857,97,SOFT DRINKS,National,0.0
1156,29,999.33,376,134.72,45,34.4596551724138,0.11879546757197655,20.928571428571427,88,BOOKSTORE,National,0.0
1157,101,2779.86,990,319.44,9,27.523366336633664,0.10306843480785984,6.34,142,DOMESTIC WINE,National,3.0
1158,204,2844.62,125636,728.92,5,13.944215686274509,0.2039770087924019,2.9458128078817736,139,SOFT DRINKS,National,5.0
1159,222,4224.45,237024,606.6800000000001,1,19.029054054054054,0.1255772459031324,2.5927601809954752,146,COUPON/MISC ITEMS,National,4.0
1160,138,4145.93,36359,953.23,5,30.042971014492757,0.18693863302975394,4.452554744525547,144,BEEF,National,4.0
1161,58,1325.79,5335,292.8,7,22.858448275862067,0.1808981891646433,11.526315789473685,141,SOFT DRINKS,National,0.0
1162,33,431.76,51725,95.16,186,13.083636363636364,0.1805966750170804,12.1875,50,COUPON/MISC ITEMS,Private,0.0
1163,152,4784.97,348653,809.13,6,31.480065789473684,0.1446398884539068,4.377483443708609,166,COUPON/MISC ITEMS,National,6.0
1164,99,4512.11,1831,309.12,9,45.576868686868686,0.064116418424344,6.448979591836735,110,NUTS,National,3.0
1165,54,1331.34,46163,266.93,33,24.654444444444444,0.16701183154285573,10.69811320754717,109,COUPON/MISC ITEMS,National,1.0
1166,397,11874.41,1245827,1977.95,2,29.910352644836273,0.14278794371500597,1.5252525252525253,188,COUPON/MISC ITEMS,National,11.0
1167,137,6386.3,243049,751.64,5,46.61532846715328,0.10530208995872758,4.544117647058823,180,COUPON/MISC ITEMS,National,9.0
1168,64,830.78,220,63.34,1,12.9809375,0.0708406030510446,10.158730158730158,62,LIQUOR,National,0.0
1169,123,4772.9,15719,1190.51,17,38.80406504065041,0.19963577885806946,4.836065573770492,134,BEEF,National,4.0
1170,7,68.45,39,7.05,34,9.778571428571428,0.09337748344370861,98.83333333333333,16,ICE CREAM/MILK/SHERBTS,National,0.0
1171,33,872.02,12796,68.27000000000001,4,26.424848484848486,0.07260526007933724,17.53125,86,BEERS/ALES,National,0.0
1172,160,4274.39,15311,578.74,3,26.7149375,0.11925087520837067,4.270440251572327,153,BEERS/ALES,National,4.0
1173,41,655.77,51717,65.50999999999999,46,15.994390243902439,0.09082464507542147,15.9,82,COUPON/MISC ITEMS,National,0.0
1174,120,2103.72,1233,455.63,7,17.531,0.17802567058042082,5.025210084033613,150,BEEF,National,2.0
1175,127,6901.26,640954,565.11,6,54.34062992125985,0.07568738222188293,4.619047619047619,156,COUPON/MISC ITEMS,National,5.0
1176,10,166.69,69,45.1,1,16.669,0.21294678691156335,68.44444444444444,21,FROZEN MEAT,National,0.0
1177,16,327.95,135,28.15,20,20.496875,0.07905082841898343,36.8,40,AUDIO/VIDEO PRODUCTS,National,0.0
1178,202,4754.95,256569,1240.99,0,23.539356435643562,0.2069717175288612,3.2039800995024876,158,COUPON/MISC ITEMS,National,8.0
1179,192,8794.77,528863,1402.8899999999999,0,45.80609375,0.137569795423656,3.1099476439790577,187,COUPON/MISC ITEMS,National,7.0
1180,159,5201.36,481734,756.53,0,32.712955974842764,0.12697951791657786,3.740506329113924,133,COUPON/MISC ITEMS,Private,4.0
1181,88,2192.8,19707,452.13,39,24.91818181818182,0.17094214213608674,6.873563218390805,131,FLUID MILK PRODUCTS,National,3.0
1182,123,1943.05,58944,286.7,4,15.797154471544715,0.1285794371566319,5.180327868852459,113,FRZN MEAT/MEAT DINNERS,National,3.0
1183,9,260.04,202,91.97999999999999,6,28.893333333333334,0.26129197204704274,73.625,58,FRZN MEAT/MEAT DINNERS,National,0.0
1184,12,665.82,5063,146.1,514,55.48499999999999,0.17994383683121487,14.454545454545455,76,SOFT DRINKS,National,1.0
1185,53,1148.88,5430,223.35,1,21.676981132075476,0.16276425963577534,12.903846153846153,95,BEEF,National,0.0
1186,75,5625.4800000000005,132566,594.23,3,75.0064,0.09553982420402236,8.77027027027027,177,COUPON/MISC ITEMS,National,5.0
1187,125,2829.34,1556,394.48,6,22.63472,0.12236415184470598,4.887096774193548,125,DIAPERS & DISPOSABLES,National,6.0
1188,139,3508.34,14193,1143.7,0,25.239856115107916,0.24584913285354384,4.173913043478261,155,FROZEN PIZZA,National,3.0
1189,47,906.96,367,120.66,8,19.297021276595746,0.11741694400653936,13.456521739130435,83,SEAFOOD - FROZEN,National,0.0
1190,242,3144.7,228311,515.46,5,12.994628099173553,0.14082990907501314,2.5435684647302903,157,COUPON/MISC ITEMS,National,7.0
1191,92,2379.82,958,318.33,3,25.867608695652176,0.1179808387228286,6.428571428571429,118,SOFT DRINKS,National,2.0
1192,89,1284.33,162963,225.67000000000002,8,14.43067415730337,0.1494503311258278,6.965909090909091,84,COUPON/MISC ITEMS,Private,0.0
1193,215,4644.39,9436,1065.6,0,21.601813953488374,0.18662029180436393,2.967289719626168,154,WATER - CARBONATED/FLVRD DRINK,National,3.0
1194,58,1189.98,607,229.10999999999999,0,20.516896551724138,0.16144853391962455,10.43859649122807,116,BEEF,National,0.0
1195,37,1120.76,27301,153.65,2,30.29081081081081,0.12056559505967467,17.916666666666668,91,CRACKERS/MISC BKD FD,National,0.0
1196,27,1915.95,722,224.99,1,70.96111111111111,0.10508935327472979,23.96153846153846,104,COLD CEREAL,National,0.0
1197,152,7574.4400000000005,424331,922.0500000000001,0,49.83184210526316,0.10852128349471371,4.19205298013245,168,COUPON/MISC ITEMS,National,6.0
1198,43,955.75,350,239.20000000000002,13,22.226744186046513,0.20017573957069335,13.404761904761905,73,CHEESE,National,0.0
1199,7,163.57,53,22.250000000000004,402,23.367142857142856,0.11973953288128299,29.5,23,ANTACIDS,National,0.0
1200,28,1563.99,629,354.29999999999995,62,55.856785714285714,0.18469574464757674,20.51851851851852,111,IN-STORE PHOTOFINISHING,National,0.0
1201,37,513.09,5562,98.98000000000002,4,13.867297297297299,0.16171352949826,17.86111111111111,71,SOFT DRINKS,National,0.0
1202,24,558.72,14316,108.71,1,23.28,0.16287850411279084,28.347826086956523,45,FRZN MEAT/MEAT DINNERS,National,0.0
1203,164,6201.59,104180,861.49,0,37.814573170731705,0.1219708682331221,3.6809815950920246,149,INFANT FORMULA,National,6.0
1204,76,1922.8500000000001,8803,547.46,11,25.30065789473684,0.22161591055373614,7.92,121,SOFT DRINKS,National,2.0
1205,186,4383.72,8566,1078.89,4,23.568387096774195,0.1975044896121085,3.437837837837838,150,INFANT FORMULA,National,0.0
1206,376,6099.24,2796,1253.7800000000002,6,16.221382978723405,0.17051225210865742,1.6746666666666667,183,BEEF,National,6.0
1207,103,731.9,398,225.48,1,7.1058252427184465,0.2355177672397585,5.9411764705882355,79,SOFT DRINKS,National,3.0
1208,49,1012.76,16493,159.5,3,20.66857142857143,0.13606196577551055,12.270833333333334,113,BEERS/ALES,National,0.0
1209,16,275.83,88,24.22,0,17.239375,0.08071988001999668,38.46666666666667,38,BATTERIES,National,0.0
1210,35,905.89,577,217.45999999999998,9,25.882571428571428,0.1935816976009258,17.794117647058822,95,FLUID MILK PRODUCTS,Private,0.0
1211,161,8619.15,455668,932.1199999999999,0,53.53509316770186,0.0975912103835406,3.93125,123,COUPON/MISC ITEMS,National,3.0
1212,5,174.56,93,41.209999999999994,389,34.912,0.19099040645131388,52.5,41,FROZEN PIZZA,National,0.0
1213,45,615.45,55295,81.69,34,13.676666666666668,0.11717875892933985,14.045454545454545,71,COUPON/MISC ITEMS,National,0.0
1214,7,122.95,51,21.43,8,17.564285714285713,0.14842776007757308,103.33333333333333,17,COFFEE,National,0.0
1215,14,642.72,245,76.09,35,45.90857142857143,0.10585551119210918,41.61538461538461,71,PREPARED FOOD,National,0.0
1216,129,5216.47,2435,903.0799999999999,0,40.4377519379845,0.14757294245491906,4.59375,174,BEEF,National,11.0
1217,49,2336.98,69645,547.38,3,47.6934693877551,0.1897752014311667,12.041666666666666,133,BEEF,National,1.0
1218,91,3009.11,170884,604.73,9,33.06714285714286,0.16733723684501803,6.344444444444444,145,COUPON/MISC ITEMS,National,1.0
1219,110,746.3100000000001,433,130.24,4,6.7846363636363645,0.14858251098054875,5.513761467889908,84,FEMININE HYGIENE,National,2.0
1220,31,787.04,455,171.09,51,25.388387096774192,0.17856658282279023,20.633333333333333,108,BEEF,National,0.0
1221,15,652.34,258,81.63,2,43.489333333333335,0.11121707971715464,41.07142857142857,85,BEERS/ALES,National,0.0
1222,171,5704.46,2629,1146.3600000000001,2,33.35941520467836,0.1673317938582535,3.847058823529412,173,FROZEN PIZZA,National,7.0
1223,50,1506.04,683,319.65999999999997,0,30.1208,0.17508900695623597,11.693877551020408,92,SOFT DRINKS,National,1.0
1224,85,2238.81,1294,440.71999999999997,3,26.338941176470588,0.16447660597194286,6.75,127,BEEF,National,2.0
1225,74,1386.61,786,239.82999999999998,7,18.737972972972976,0.14745702269988442,8.643835616438356,112,SOFT DRINKS,National,0.0
1226,72,5794.49,2981,1312.3,3,80.47902777777777,0.1846543938965412,8.014084507042254,164,BEEF,National,7.0
1227,78,3415.43,79540,410.83,0,43.7875641025641,0.10737116662223686,7.48051948051948,160,DIAPERS & DISPOSABLES,National,3.0
1228,754,13810.6,1025005,2129.17,0,18.316445623342176,0.13357595498554872,0.8937583001328021,216,COUPON/MISC ITEMS,National,6.0
1229,361,17085.59,1203589,1533.94,3,47.328504155124655,0.08238338991370889,1.8138888888888889,205,COUPON/MISC ITEMS,National,9.0
1230,19,251.56,79,25.169999999999998,13,13.24,0.09095508257145954,33.72222222222222,34,CAKES,National,0.0
1231,51,1812.05,1147,506.46000000000004,8,35.530392156862746,0.21844201663999724,11.76,93,FLUID MILK PRODUCTS,National,0.0
1232,22,488.49,250,159.64,138,22.204090909090908,0.24630861092682022,24.428571428571427,62,SOFT DRINKS,National,0.0
1233,33,1710.82,125563,311.90999999999997,105,51.843030303030304,0.15420248871574554,16.625,104,COUPON/MISC ITEMS,National,1.0
1234,88,5134.64,1874,843.44,3,58.34818181818182,0.1410887776677462,7.011494252873563,169,SOFT DRINKS,National,6.0
1235,19,836.15,43994,91.78,21,44.007894736842104,0.09890832282607524,30.333333333333332,67,BOOKSTORE,National,0.0
1236,188,3856.53,1884,661.5699999999999,5,20.513457446808513,0.14642659525021579,3.0748663101604277,125,CIGARETTES,National,3.0
1237,20,1051.16,42304,166.72,62,52.55800000000001,0.13689361841889183,26.68421052631579,86,DIETARY AID PRODUCTS,National,2.0
1238,47,4541.79,2312,1330.76,7,96.63382978723403,0.22660684029935887,14.630434782608695,146,CHICKEN,National,8.0
1239,25,1882.1000000000001,955,392.60999999999996,27,75.284,0.1725978256568969,23.458333333333332,88,FROZEN PIZZA,National,2.0
1240,204,10168.73,421985,789.5500000000001,3,49.84671568627451,0.07205054077829734,2.8620689655172415,184,COUPON/MISC ITEMS,National,5.0
1241,87,1790.53,707,345.12,7,20.58080459770115,0.16159951302882025,7.790697674418604,103,FROZEN PIZZA,National,0.0
1242,32,787.4,373,261.65,5,24.60625,0.24941613841094323,18.193548387096776,76,BEEF,National,0.0
1243,14,249.70000000000002,91,16.85,89,17.835714285714285,0.06321515663102607,34.53846153846154,36,VITAMINS,National,0.0
1244,33,600.0,257,104.27000000000001,34,18.181818181818183,0.14805401337555202,17.78125,75,ICE CREAM/MILK/SHERBTS,National,0.0
1245,238,4210.74,226016,649.93,0,17.69218487394958,0.13371201912493544,2.590717299578059,158,COUPON/MISC ITEMS,National,5.0
1246,92,4998.88,188821,598.26,4,54.33565217391305,0.10688673143784146,7.043956043956044,139,COUPON/MISC ITEMS,National,3.0
1247,112,6282.81,22853,1114.0,1,56.096517857142864,0.15060546370665193,5.171171171171171,144,DELI MEATS,National,5.0
1248,154,8901.48,170868,1223.6000000000001,1,57.80181818181818,0.12084842786427367,4.130718954248366,147,INFANT FORMULA,National,7.0
1249,22,361.46,205,55.4,1,16.430000000000003,0.13289833517247998,27.333333333333332,57,FLUID MILK PRODUCTS,National,0.0
1250,4,123.96,57,27.14,41,30.990000000000002,0.1796161482461946,187.0,34,PIES,National,0.0
1251,52,325.77,8072,93.71000000000001,29,6.264807692307692,0.22339563268809,11.745098039215685,39,DOG FOODS,National,1.0
1252,42,1070.47,575,488.14,21,25.487380952380953,0.3131893161214158,15.292682926829269,99,COUPON/MISC ITEMS,National,0.0
1253,24,570.15,303,137.18,61,23.756249999999998,0.19394059349949813,22.608695652173914,73,TICKETS,National,0.0
1254,6,252.31,115,57.24,45,42.05166666666667,0.1849135842351801,116.0,54,CHEESE,National,0.0
1255,27,510.91,269,180.88,9,18.922592592592594,0.26146663004669046,23.615384615384617,59,DIAPERS & DISPOSABLES,National,0.0
1256,162,5001.56,122535,403.23,3,30.87382716049383,0.07460604389809779,4.099378881987578,144,REFRIGERATED,National,10.0
1257,26,1192.76,50717,221.27,1,45.87538461538462,0.15648182853263368,23.68,109,COUPON/MISC ITEMS,National,1.0
1258,220,3285.53,51088,696.73,2,14.934227272727274,0.17495844068443547,3.0821917808219177,123,SOFT DRINKS,National,6.0
1259,32,1163.62,676,265.99,1,36.363125,0.1860577360259092,18.516129032258064,68,BAKED SWEET GOODS,National,1.0
1260,161,10756.99,16762,920.25,3,66.81360248447204,0.07880714963467395,4.1,192,JUICE,National,3.0
1261,224,3687.1,83699,594.5699999999999,0,16.460267857142856,0.13886404136703667,2.8475336322869955,149,CAT FOOD,National,6.0
1262,29,769.72,461,180.10999999999999,19,26.54206896551724,0.18962340629375782,22.142857142857142,98,LUNCHMEAT,National,0.0
1263,126,5257.44,42316,739.0699999999999,1,41.72571428571429,0.12325002376382263,5.312,154,FRZN MEAT/MEAT DINNERS,National,8.0
1264,130,6364.37,100850,966.74,9,48.95669230769231,0.13186816184725098,4.844961240310077,174,CIGARETTES,National,8.0
1265,48,1403.89,765,347.70000000000005,0,29.247708333333335,0.19850535798902713,12.02127659574468,102,SOUP,National,1.0
1266,111,1622.14,830,529.51,2,14.613873873873874,0.24609485743499174,6.036363636363636,96,BEEF,National,5.0
1267,65,1651.65,20001,162.14,4,25.41,0.08939292861907938,9.375,127,MAGAZINE,National,0.0
1268,69,2923.93,4525,429.58000000000004,42,42.37579710144927,0.12809861905883688,8.235294117647058,132,SOFT DRINKS,National,0.0
1269,103,2459.76,1231,495.65,2,23.881165048543693,0.16770938719162481,6.0,143,BEEF,National,2.0
1270,71,3262.08,1181,333.59000000000003,11,45.944788732394365,0.09277547717115309,8.3,147,BEEF,National,4.0
1271,123,3952.9700000000003,1953,650.62,2,32.13796747967479,0.1413288324981156,4.622950819672131,126,BEEF,National,4.0
1272,247,9607.210000000001,15632,1294.71,3,38.895587044534416,0.11875981478491861,2.630081300813008,197,LAXATIVES,National,10.0
1273,15,204.75,68,22.6,23,13.65,0.09940620189135695,39.785714285714285,31,HOME FURNISHINGS,National,0.0
1274,262,11987.710000000001,3576,999.73,4,45.75461832061069,0.07697667900679425,2.3908045977011496,153,CIGARETTES,National,0.0
1275,8,137.63,85,18.659999999999997,392,17.20375,0.11939343528056816,31.714285714285715,23,BABY FOODS,National,0.0
1276,18,615.87,6012,59.34,41,34.215,0.08788376949393523,31.294117647058822,90,HAIR CARE PRODUCTS,National,0.0
1277,322,5770.77,52821,1083.63,9,17.92164596273292,0.15809261204481792,1.8037383177570094,180,SOFT DRINKS,National,7.0
1278,17,660.27,226,197.45,10,38.83941176470588,0.23020332975796295,35.6875,74,BEEF,National,0.0
1279,196,4541.75,14564,764.4,0,23.17219387755102,0.1440592520000377,3.046153846153846,154,BEEF,National,6.0
1280,22,376.52,73304,49.35,30,17.114545454545453,0.11588043299598469,26.857142857142858,33,COUPON/MISC ITEMS,Private,0.0
1281,33,642.21,20004,92.5,6,19.46090909090909,0.12590001497189365,18.1875,77,COUPON/MISC ITEMS,National,0.0
1282,196,5624.9800000000005,2876,1054.68,0,28.69887755102041,0.15789426407930943,3.0358974358974358,156,BEEF,National,6.0
1283,44,294.77,209,66.43,3,6.699318181818182,0.18391472868217057,13.069767441860465,68,ICE CREAM/MILK/SHERBTS,National,0.0
1284,146,1853.94,1001,370.13,1,12.698219178082192,0.16642012166883235,4.63448275862069,97,BAG SNACKS,National,2.0
1285,131,4685.41,37391,1256.22,5,35.766488549618316,0.21142683068450913,4.630769230769231,146,SOFT DRINKS,National,2.0
1286,30,595.0,13135,99.63,75,19.833333333333332,0.14342887580438507,19.17241379310345,76,CIGARETTES,National,0.0
1287,153,2704.17,1606,470.68,0,17.674313725490197,0.14825267335464667,4.473684210526316,126,COOKIES/CONES,National,5.0
1288,52,1888.25,16003,366.18999999999994,9,36.3125,0.16243058143042172,12.098039215686274,125,CHEESE,National,2.0
1289,494,1445.43,908,206.81,1,2.9259716599190284,0.1251694669055343,1.3772819472616633,74,SOFT DRINKS,National,3.0
1290,31,976.57,576,307.21,17,31.502258064516127,0.23930112636121453,20.6,89,SEAFOOD - FROZEN,National,0.0
1291,100,3149.32,1597,559.36,0,31.4932,0.15082455213175577,6.616161616161616,133,FRZN MEAT/MEAT DINNERS,National,5.0
1292,26,500.43,209,75.67,41,19.247307692307693,0.1313487241798299,25.16,46,MISCELLANEOUS,National,1.0
1293,165,2585.75,1949,333.84999999999997,1,15.671212121212122,0.1143478558706672,3.731707317073171,99,BEEF,National,2.0
1294,53,4666.96,2038,670.83,0,88.05584905660378,0.1256756073206327,11.01923076923077,165,BEERS/ALES,National,2.0
1295,66,1539.8,786,283.5,5,23.33030303030303,0.15548730324137552,9.661538461538461,98,BEEF,National,0.0
1296,78,2052.23,1235,602.6400000000001,3,26.310641025641026,0.22699416543936243,7.8311688311688314,86,REFRGRATD JUICES/DRNKS,National,4.0
1297,131,2368.23,126975,211.98000000000002,2,18.078091603053434,0.082156103572965,5.046153846153846,112,COUPON/MISC ITEMS,National,4.0
1298,47,1378.88,10161,267.12,0,29.337872340425534,0.1622843256379101,12.565217391304348,125,BAG SNACKS,National,0.0
1299,178,5672.7300000000005,338962,1447.54,0,31.869269662921347,0.20329847042317215,3.598870056497175,176,COUPON/MISC ITEMS,National,10.0
1300,77,2613.84,132377,495.71000000000004,1,33.945974025974024,0.15941534948786804,8.56578947368421,141,COUPON/MISC ITEMS,National,1.0
1301,78,1462.88,600,174.56,105,18.754871794871796,0.10660543287082275,7.064935064935065,117,BEERS/ALES,National,4.0
1302,35,744.79,53719,127.59,20,21.279714285714284,0.146255072330865,16.61764705882353,67,COUPON/MISC ITEMS,National,0.0
1303,200,6099.0,441168,715.4499999999999,1,30.495,0.10499013126517913,2.9346733668341707,188,COUPON/MISC ITEMS,National,5.0
1304,83,799.91,428,229.39,1,9.637469879518072,0.22286019624987854,7.585365853658536,75,BEERS/ALES,National,1.0
1305,373,7552.93,297594,1334.18,2,20.249142091152816,0.1501252938244266,1.575268817204301,132,INFANT FORMULA,National,7.0
1306,162,2905.26,6121,519.26,0,17.933703703703706,0.15163000946117994,3.7267080745341614,149,BEEF,National,6.0
1307,166,1988.74,90380,214.83999999999997,1,11.980361445783133,0.09749589304676934,3.5393939393939395,110,BEVERAGE,National,3.0
1308,23,320.58,154,59.629999999999995,104,13.938260869565216,0.15683438099997368,25.727272727272727,42,CHICKEN/POULTRY,National,0.0
1309,9,158.48,8212,27.66,133,17.60888888888889,0.14859782959063073,66.625,33,COUPON/MISC ITEMS,National,0.0
1310,33,804.72,9142,170.57,5,24.385454545454547,0.17489157071230096,18.3125,78,FRZN MEAT/MEAT DINNERS,National,0.0
1311,17,685.63,289,228.69,76,40.33117647058823,0.2501203079884505,32.875,79,BEEF,National,0.0
1312,132,4947.92,190637,738.2,14,37.484242424242424,0.1298249069664376,4.633587786259542,171,COUPON/MISC ITEMS,National,6.0
1313,26,921.95,381,120.98000000000002,2,35.45961538461539,0.1160001150604547,22.72,98,DOG FOODS,National,0.0
1314,408,13899.53,1427295,1475.98,0,34.06747549019608,0.0959955149455205,1.5626535626535627,219,COUPON/MISC ITEMS,National,9.0
1315,5,645.36,322,133.8,59,129.072,0.17172339442476514,141.0,79,BAG SNACKS,National,0.0
1316,55,3544.05,10758,554.72,18,64.43727272727273,0.13533816242433705,12.203703703703704,145,FROZEN PIZZA,National,6.0
1317,193,4009.61,1915,793.7099999999999,4,20.77518134715026,0.16524195764596153,3.4322916666666665,117,SOFT DRINKS,National,6.0
1318,71,5470.51,49709,429.66,0,77.0494366197183,0.07282163056318716,8.385714285714286,158,SOUP,National,3.0
1319,48,1059.79,509,360.88,4,22.078958333333333,0.2540209900962222,13.617021276595745,92,COUPON/MISC ITEMS,National,1.0
1320,12,337.26,199,93.18,28,28.105,0.21647616392528576,56.63636363636363,48,BEERS/ALES,National,0.0
1321,191,1769.46,1126,416.79,1,9.264188481675394,0.19064150943396227,3.205263157894737,95,PORK,National,4.0
1322,15,256.99,98,51.489999999999995,217,17.13266666666667,0.16691519709543565,28.357142857142858,45,SMOKED MEATS,National,0.0
1323,10,288.39,154,66.99000000000001,121,28.839,0.18850244808374136,57.666666666666664,44,SOFT DRINKS,National,0.0
1324,40,2347.86,1211,681.69,25,58.6965,0.22501361588354707,14.897435897435898,127,BEEF,National,0.0
1325,58,2569.7400000000002,957,260.8,8,44.305862068965524,0.09213789594918283,10.456140350877194,159,SEAFOOD - FROZEN,National,2.0
1326,381,8244.38,404768,1499.8799999999999,3,21.63879265091863,0.15392446424869616,1.5736842105263158,178,COUPON/MISC ITEMS,National,8.0
1327,9,477.17,7657,126.10999999999999,274,53.01888888888889,0.20904057817265614,37.0,62,CHICKEN,National,0.0
1328,91,2454.07,20129,453.95,1,26.9678021978022,0.15610277783509055,6.911111111111111,123,CIGARETTES,National,0.0
1329,30,1525.39,11659,317.53,12,50.846333333333334,0.17229722397065525,21.620689655172413,105,BEEF,National,0.0
1330,84,2108.2400000000002,61489,506.72,1,25.098095238095237,0.19377734267445773,7.783132530120482,109,LAWN AND GARDEN SHOP,National,3.0
1331,105,1821.03,827,316.08000000000004,5,17.34314285714286,0.1479006695958561,6.336538461538462,118,CIGARETTES,National,4.0
1332,59,2028.54,15190,282.67,1,34.38203389830508,0.12230390141960272,10.810344827586206,138,PORK,National,0.0
1333,125,7335.89,2579,746.27,0,58.68712,0.09233546477674286,4.919354838709677,186,BEERS/ALES,National,6.0
1334,54,572.41,380,118.34,1,10.600185185185184,0.17132102786825915,11.132075471698114,74,SOFT DRINKS,National,0.0
1335,30,938.55,13636,337.95,14,31.285000000000004,0.26474735605170385,19.03448275862069,83,FRZN MEAT/MEAT DINNERS,National,0.0
1336,117,5631.44,2855,2109.8599999999997,3,48.131965811965806,0.27254595481379096,5.482758620689655,128,DELI MEATS,National,9.0
1337,232,11082.31,768946,2666.55,3,47.768577586206895,0.19394698905945656,2.4718614718614718,205,COUPON/MISC ITEMS,National,11.0
1338,169,1587.97,46900,327.08,0,9.396272189349112,0.17079449622725254,3.744047619047619,109,SOFT DRINKS,National,0.0
1339,5,317.26,103,62.41,75,63.452,0.1643795928042774,139.0,8,SOFT DRINKS,National,0.0
1340,56,510.63,219,70.62,3,9.118392857142856,0.1214967741935484,11.49090909090909,72,BEERS/ALES,National,0.0
1341,13,434.77,319,220.22,46,33.44384615384615,0.3362188735705889,49.333333333333336,46,NO COMMODITY DESCRIPTION,National,0.0
1342,12,160.02,20887,11.33,5,13.334999999999999,0.06612197257076159,57.18181818181818,24,COUPON/MISC ITEMS,Private,0.0
1343,12,267.19,149,67.88,18,22.265833333333333,0.20258453457486494,52.09090909090909,50,SALAD BAR,National,0.0
1344,26,2592.12,898,482.1,6,99.69692307692307,0.1568202666042118,23.6,98,CIGARETTES,National,2.0
1345,55,1331.57,529,192.27,35,24.210363636363635,0.12617466400671987,11.944444444444445,110,SOFT DRINKS,National,2.0
1346,75,1128.3600000000001,14743,159.88,1,15.044800000000002,0.124107309197044,7.986486486486487,83,SOFT DRINKS,National,0.0
1347,123,2984.29,165504,367.99,0,24.26252032520325,0.10977304998389158,5.081967213114754,135,COUPON/MISC ITEMS,National,1.0
1348,23,324.22,145,29.18,57,14.096521739130436,0.08256932654216184,24.636363636363637,30,TROPICAL FRUIT,National,0.0
1349,200,5287.69,87120,1316.3400000000001,67,26.438450000000003,0.19932374625796676,2.8844221105527637,141,BEEF,National,5.0
1350,129,2426.66,11123,541.43,0,18.811317829457362,0.18241697522649247,4.9765625,141,BEEF,National,3.0
1351,89,542.18,255,140.64999999999998,1,6.091910112359551,0.20598099087620636,7.738636363636363,43,PREPARED FOOD,National,2.0
1352,132,5124.39,501023,504.86,1,38.82113636363636,0.08968512679308967,4.312977099236641,170,COUPON/MISC ITEMS,National,6.0
1353,130,3939.46,28370,1038.57,0,30.303538461538462,0.2086307233986135,5.162790697674419,138,SOFT DRINKS,National,9.0
1354,83,2385.71,81257,431.17,3,28.743493975903615,0.1530665133055011,7.378048780487805,124,COUPON/MISC ITEMS,National,2.0
1355,9,350.19,110,106.97999999999999,2,38.91,0.23400485596167728,82.0,38,INFANT FORMULA,National,0.0
1356,83,2164.15,996,403.54,1,26.07409638554217,0.15716071644162652,8.170731707317072,121,FRZN MEAT/MEAT DINNERS,National,4.0
1357,84,3015.81,124296,976.6099999999999,0,35.902499999999996,0.2446160474098416,7.518072289156627,71,VITAMINS,National,4.0
1358,106,2120.4,6107,593.27,0,20.003773584905662,0.21862275073977305,5.742857142857143,113,SOFT DRINKS,National,0.0
1359,75,1135.03,507,205.92000000000002,1,15.133733333333334,0.15356277266117305,8.391891891891891,87,BEERS/ALES,National,0.0
1360,23,630.19,294,80.91,10,27.399565217391302,0.11378146533539586,28.09090909090909,40,LUNCHMEAT,National,0.0
1361,10,491.36,222,81.24000000000001,0,49.136,0.1418791477471184,74.55555555555556,68,BEEF,National,0.0
1362,59,1359.34,324,109.08,8,23.03966101694915,0.07428392421786682,9.758620689655173,68,ICE CREAM/MILK/SHERBTS,National,0.0
1363,51,3863.9900000000002,7665,653.25,0,75.76450980392157,0.14461263957637852,12.16,148,BEEF,National,3.0
1364,143,2443.54,997,439.99,1,17.087692307692308,0.15258728017395348,4.795774647887324,150,BAKED BREAD/BUNS/ROLLS,National,5.0
1365,9,103.65,60,41.97,294,11.516666666666667,0.28821590440873507,44.5,35,BAG SNACKS,National,0.0
1366,249,4043.35,30609,695.45,4,16.238353413654618,0.14675656284291383,2.439516129032258,150,ANTACIDS,National,6.0
1367,323,11475.24,947444,2122.9900000000002,0,35.52705882352941,0.15612252476976785,2.046583850931677,202,COUPON/MISC ITEMS,National,7.0
1368,28,2505.89,10545,299.27,3,89.49607142857143,0.10668553665388071,21.77777777777778,121,BEEF,National,0.0
1369,133,2725.07,1042,383.42,3,20.489248120300754,0.12334606191430565,5.007575757575758,127,DELI MEATS,National,2.0
1370,78,7962.14,3444,1422.7,6,102.07871794871795,0.15159555197531338,7.636363636363637,113,BEEF,National,6.0
1371,45,835.71,18354,203.14,152,18.571333333333335,0.19554314867401454,11.931818181818182,78,FRZN MEAT/MEAT DINNERS,National,0.0
1372,25,1337.07,16986,235.32,25,53.4828,0.1496575277125904,26.625,81,DELI MEATS,National,0.0
1373,37,602.28,13189,69.53,10,16.277837837837836,0.10349652431491048,17.27777777777778,61,DOMESTIC WINE,National,0.0
1374,97,2740.05,1177,401.86,14,28.2479381443299,0.1279030907950896,6.21875,126,BEERS/ALES,National,3.0
1375,112,3597.83,13870,719.5999999999999,2,32.12348214285714,0.1666732292127492,5.126126126126126,149,CHEESE,National,6.0
1376,223,10547.34,1222083,1868.77,1,47.29748878923767,0.15051171421644943,2.6216216216216215,190,COUPON/MISC ITEMS,National,6.0
1377,33,742.8100000000001,309,71.62,49,22.50939393939394,0.08793880382598873,19.71875,88,CAKES,National,0.0
1378,116,6581.29,46147,942.6400000000001,4,56.735258620689656,0.12528558878139484,5.6,142,FRZN FRUITS,National,12.0
1379,484,13130.75,1174185,2236.01,1,27.12964876033058,0.14550952835861303,1.2463768115942029,189,COUPON/MISC ITEMS,National,12.0
1380,25,349.81,177,49.91,4,13.9924,0.12486240368257778,27.916666666666668,62,DIAPERS & DISPOSABLES,National,0.0
1381,45,122.98,77,39.07000000000001,5,2.732888888888889,0.2410984264116014,12.818181818181818,26,BAG SNACKS,National,0.0
1382,114,3062.12,1131,615.02,3,26.860701754385964,0.1672549862121105,5.787610619469026,112,SOFT DRINKS,National,5.0
1383,126,1526.69,630,242.59000000000003,6,12.116587301587302,0.13711227165852777,4.72,106,MAKEUP AND TREATMENT,National,4.0
1384,32,821.58,2829,244.68999999999994,6,25.674375,0.22948221369821897,18.93548387096774,78,BEEF,National,0.0
1385,111,5526.91,2852,1169.39,13,49.79198198198198,0.1746322596060511,5.536363636363636,131,SOFT DRINKS,National,5.0
1386,8,111.15,14545,1.95,20,13.89375,0.017241379310344827,79.28571428571429,22,COUPON/MISC ITEMS,National,0.0
1387,64,1911.4,806,365.08000000000004,5,29.865625,0.16037039640146192,10.158730158730158,73,BEEF,National,1.0
1388,148,6825.17,373531,832.03,5,46.116013513513515,0.10865982343415348,4.496598639455782,155,COUPON/MISC ITEMS,National,10.0
1389,40,2685.82,941,247.13000000000002,1,67.1455,0.08425987487001142,14.58974358974359,123,FRZN MEAT/MEAT DINNERS,National,1.0
1390,199,4619.53,2396,1369.8,0,23.213718592964824,0.22870671677800355,3.3737373737373737,149,BEEF,National,5.0
1391,161,7848.5,855492,1870.32,2,48.74844720496895,0.19244311552225477,4.09375,200,COUPON/MISC ITEMS,National,8.0
1392,109,2315.07,97751,511.18999999999994,22,21.239174311926607,0.18087154048105974,5.453703703703703,129,COUPON/MISC ITEMS,National,4.0
1393,192,5586.91,14806,710.05,0,29.098489583333333,0.11276076074804349,3.287958115183246,148,DELI MEATS,National,8.0
1394,146,4146.65,1739,714.72,6,28.401712328767122,0.1470202844054248,3.8551724137931034,138,DOMESTIC WINE,National,5.0
1395,39,1132.43,349,215.64000000000001,2,29.03666666666667,0.1599620197764211,15.842105263157896,85,BEERS/ALES,National,0.0
1396,229,7177.06,114335,1976.0500000000002,63,31.340873362445418,0.21588837018237517,2.4649122807017543,157,SOFT DRINKS,National,5.0
1397,266,5388.64,15404,877.06,0,20.258045112781957,0.1399779753259811,2.2037735849056603,145,CIGARETTES,National,7.0
1398,18,360.58,155,71.80999999999999,9,20.03222222222222,0.16607692129790233,34.294117647058826,51,SOFT DRINKS,National,0.0
1399,30,937.14,506,167.17000000000002,15,31.238,0.1513795944979218,19.17241379310345,72,YOGURT,National,0.0
1400,10,250.49,125,80.76,60,25.049,0.24380377358490568,57.22222222222222,39,FROZEN MEAT,National,0.0
1401,52,587.37,33875,222.70000000000002,0,11.295576923076924,0.2749145135605565,11.843137254901961,78,COUPON/MISC ITEMS,Private,0.0
1402,162,2237.02,54836,322.88,2,13.808765432098765,0.12612992695027148,3.8509316770186337,94,COFFEE,National,2.0
1403,151,3673.26,464342,360.75,0,24.326225165562914,0.08942714569373898,4.053333333333334,123,COUPON/MISC ITEMS,National,3.0
1404,40,1136.06,589,191.02999999999997,20,28.4015,0.1439465296249689,15.435897435897436,101,BABY FOODS,National,0.0
1405,50,2282.01,9336,373.29,4,45.64020000000001,0.14058298497344932,12.46938775510204,147,INFANT FORMULA,National,2.0
1406,112,3533.05,144651,558.99,6,31.545089285714287,0.1366042365177271,5.414414414414415,159,COUPON/MISC ITEMS,National,6.0
1407,34,1525.92,620,135.68,30,44.88,0.08165623495426096,17.12121212121212,119,CHEESE,National,0.0
1408,56,1044.84,505,143.87,11,18.657857142857143,0.12103036064305003,10.6,70,SOFT DRINKS,National,2.0
1409,84,4148.9,1576,499.04,4,49.391666666666666,0.10736799528393225,7.144578313253012,122,SMOKING CESSATIONS,National,3.0
1410,44,2456.27,42888,534.8900000000001,1,55.82431818181818,0.17882360020861476,15.0,144,BEEF,National,0.0
1411,6,131.52,49,32.739999999999995,240,21.919999999999998,0.1993181541458663,67.4,20,CAKES,National,0.0
1412,74,3784.21,1600,586.88,6,51.137972972972975,0.13426399364918132,9.150684931506849,130,SOFT DRINKS,National,6.0
1413,26,339.57,146,37.32,14,13.060384615384615,0.09902093449016955,23.04,61,BEERS/ALES,National,0.0
1414,9,140.07,55,27.19,47,15.563333333333333,0.1625612818366615,65.5,24,DIETARY AID PRODUCTS,National,0.0
1415,26,259.08,12733,36.1,22,9.964615384615383,0.12229825868961312,23.6,38,CAKES,National,0.0
1416,5,79.89,18365,16.74,77,15.978,0.17323812480596087,141.0,9,COUPON/MISC ITEMS,National,0.0
1417,71,3620.77,270053,821.5699999999999,7,50.996760563380285,0.18494081947802282,8.6,97,COUPON/MISC ITEMS,Private,1.0
1418,75,2648.75,11262,342.22,3,35.31666666666667,0.1144177307027486,8.5,138,INFANT FORMULA,National,4.0
1419,508,7212.38,69052,1994.22,0,14.197598425196851,0.21660765103295462,1.21301775147929,167,BEERS/ALES,National,4.0
1420,78,3891.9700000000003,32071,867.37,29,49.89705128205128,0.18224585761891354,7.883116883116883,136,BEEF,National,6.0
1421,211,5314.5,595649,1189.86,0,25.187203791469194,0.18293267900300722,3.1857142857142855,126,COUPON/MISC ITEMS,National,8.0
1422,7,306.67,137,77.66,70,43.81,0.20206593292222827,94.33333333333333,44,SOFT DRINKS,National,0.0
1423,186,1684.57,66223,218.83,14,9.056827956989247,0.11496795208574132,3.027027027027027,81,COLD CEREAL,National,3.0
1424,57,595.22,9404,127.15,32,10.442456140350878,0.17601783019782108,9.5,89,BAKED BREAD/BUNS/ROLLS,National,1.0
1425,123,3664.14,1770,1170.2400000000002,1,29.789756097560975,0.24206620083650854,4.713114754098361,150,SOFT DRINKS,National,5.0
1426,64,2275.42,29224,342.24999999999994,12,35.5534375,0.13074604514702004,10.53968253968254,125,BEEF,National,2.0
1427,67,2230.42,1158,474.37,0,33.289850746268655,0.1753814529039223,9.56060606060606,144,FRZN MEAT/MEAT DINNERS,National,0.0
1428,157,4746.78,263456,1004.27,2,30.234267515923566,0.17462376435607413,3.769230769230769,172,COUPON/MISC ITEMS,National,4.0
1429,80,767.85,507,329.54999999999995,1,9.598125,0.300300710770913,7.177215189873418,46,FLUID MILK PRODUCTS,Private,1.0
1430,328,19532.11,1663259,2322.1000000000004,0,59.54911585365854,0.10625412677923386,1.856269113149847,187,COUPON/MISC ITEMS,National,11.0
1431,147,2569.77,9291,280.7,0,17.48142857142857,0.098474988335257,3.952054794520548,129,SUSHI,National,3.0
1432,8,281.39,150,110.77999999999999,51,35.17375,0.28247953693551264,88.85714285714286,71,FRZN MEAT/MEAT DINNERS,National,0.0
1433,7,67.54,30,11.54,20,9.64857142857143,0.1459281740010116,102.66666666666667,21,BEERS/ALES,National,0.0
1434,209,3963.95,1854,652.72,4,18.966267942583734,0.1413832914200062,2.764423076923077,165,FRZN MEAT/MEAT DINNERS,National,8.0
1435,13,511.78,215,127.67999999999999,63,39.36769230769231,0.19966847027179183,48.25,59,SOFT DRINKS,National,0.0
1436,8,134.89000000000001,58,30.839999999999996,87,16.861250000000002,0.18608580220841123,70.28571428571429,31,SOFT DRINKS,National,0.0
1437,98,4686.67,3695,1232.0,2,47.82316326530612,0.20815487263185817,6.814432989690721,158,BEEF,National,6.0
1438,39,1928.58,646,177.18,32,49.45076923076923,0.08414064280829725,16.86842105263158,131,BEEF,National,1.0
1439,32,555.5600000000001,9685,126.0,24,17.36125,0.1848700041082223,18.387096774193548,65,SOFT DRINKS,National,0.0
1440,97,2419.52,159119,597.2,8,24.943505154639176,0.19796335092418255,6.03125,133,COUPON/MISC ITEMS,National,1.0
1441,13,401.47,157,60.290000000000006,49,30.882307692307695,0.13056566181566182,51.166666666666664,59,PREPAID WIRELESS&ACCESSORIES,National,0.0
1442,26,260.3,174,70.88,163,10.011538461538462,0.21402258590494594,18.56,53,FLUID MILK PRODUCTS,National,0.0
1443,174,2084.17,11789,156.57,7,11.977988505747128,0.06987423797495469,3.421965317919075,84,BEERS/ALES,National,2.0
1444,23,323.99,135,34.94,65,14.086521739130434,0.09734488618950769,26.272727272727273,52,REFRGRATD DOUGH PRODUCTS,National,0.0
1445,168,4728.58,1862,863.95,0,28.146309523809524,0.1544828548081101,3.5988023952095807,163,DOG FOODS,National,9.0
1446,42,1984.28,31293,380.65999999999997,35,47.2447619047619,0.16095968608083078,12.951219512195122,113,COUPON/MISC ITEMS,National,4.0
1447,38,558.18,13092,65.06,7,14.68894736842105,0.10438996213336757,17.2972972972973,62,INFANT FORMULA,National,1.0
1448,80,1927.33,4367,160.62,32,24.091625,0.07692712948106996,6.962025316455696,51,CIGARETTES,National,1.0
1449,39,405.83,23666,62.35,58,10.405897435897435,0.1331752744670853,13.657894736842104,55,COUPON/MISC ITEMS,Private,0.0
1450,88,1598.2,80332,326.24,13,18.161363636363635,0.16952464093450562,6.655172413793103,113,COUPON/MISC ITEMS,Private,0.0
1451,246,6376.37,488812,1403.06,2,25.92020325203252,0.18035511599178858,2.3142857142857145,174,COUPON/MISC ITEMS,National,7.0
1452,369,1864.07,34960,230.44000000000003,8,5.0516802168021675,0.11002095955617307,1.6875,101,YOGURT,National,6.0
1453,713,20530.33,95330,2655.1099999999997,0,28.794291725105193,0.11451626538034212,0.8230337078651685,235,SOFT DRINKS,National,13.0
1454,143,4631.4800000000005,262909,771.49,5,32.387972027972026,0.1427899840273035,4.140845070422535,145,COUPON/MISC ITEMS,National,3.0
1455,14,820.18,70931,138.14,423,58.58428571428572,0.14414809249519994,18.615384615384617,93,COUPON/MISC ITEMS,National,0.0
1456,67,1498.31,740,276.68,54,22.362835820895523,0.15587693451794096,7.621212121212121,119,SOFT DRINKS,National,1.0
1457,33,2161.94,1116,480.78,6,65.51333333333334,0.18192619725131678,19.625,95,BEEF,National,0.0
1458,121,3292.95,160379,758.71,1,27.214462809917357,0.1872590493772923,4.916666666666667,157,COUPON/MISC ITEMS,National,4.0
1459,75,4400.74,1658,627.41,5,58.67653333333333,0.12477949146306296,8.256756756756756,143,BEEF,National,6.0
1460,57,2455.68,62188,360.05,31,43.08210526315789,0.12787092512421291,10.410714285714286,142,COUPON/MISC ITEMS,National,2.0
1461,275,6804.51,420653,1014.61,0,24.743672727272727,0.1297601264592435,2.383211678832117,173,COUPON/MISC ITEMS,National,4.0
1462,115,4574.9,32496,878.79,2,39.78173913043478,0.16113677161701528,5.192982456140351,153,FRZN MEAT/MEAT DINNERS,National,6.0
1463,135,3356.21,350242,679.8499999999999,4,24.860814814814816,0.16844397754245474,4.858208955223881,132,COUPON/MISC ITEMS,National,5.0
1464,75,2474.4,21422,826.5,7,32.992000000000004,0.2503862582931928,7.945945945945946,117,BEEF,National,3.0
1465,54,970.45,26366,151.25,1,17.9712962962963,0.13483997503788892,12.415094339622641,102,COUPON/MISC ITEMS,National,0.0
1466,37,1018.8,39067,128.37,18,27.535135135135135,0.11190146185831219,18.333333333333332,82,COUPON/MISC ITEMS,National,0.0
1467,790,2729.89,138829,475.66,0,3.4555569620253164,0.14838639235076667,0.85297845373891,91,SOFT DRINKS,National,2.0
1468,79,4131.7300000000005,185850,482.32,115,52.30037974683544,0.10453289409520919,6.730769230769231,152,COUPON/MISC ITEMS,National,3.0
1469,44,1160.0,611,207.86,133,26.363636363636363,0.15195999590601378,12.255813953488373,91,BEEF,National,0.0
1470,129,1940.78,118249,304.81,0,15.044806201550387,0.13573715593674712,4.515625,124,COUPON/MISC ITEMS,National,6.0
1471,32,486.72,110955,73.68999999999998,16,15.21,0.13149301404328972,19.93548387096774,32,COUPON/MISC ITEMS,Private,0.0
1472,4,269.54,88,53.129999999999995,266,67.38499999999999,0.16465738990299686,110.0,41,DIAPERS & DISPOSABLES,National,0.0
1473,111,4002.2000000000003,1617,480.57000000000005,2,36.05585585585585,0.10720380479034168,5.218181818181818,168,FLUID MILK PRODUCTS,National,6.0
1474,67,2153.76,1007,455.49999999999994,1,32.14567164179105,0.17457056790047748,9.045454545454545,107,BEEF,National,1.0
1475,324,14089.99,746939,2347.43,0,43.487623456790125,0.1428101247032685,1.7739938080495357,168,COUPON/MISC ITEMS,National,6.0
1476,339,8986.83,1200663,869.33,1,26.50982300884956,0.08820169315433192,1.9142011834319526,129,COUPON/MISC ITEMS,National,7.0
1477,15,279.2,90,33.239999999999995,22,18.613333333333333,0.10638842657790294,42.785714285714285,35,CHICKEN/POULTRY,National,0.0
1478,6,88.59,33,31.810000000000006,170,14.765,0.264202657807309,80.2,19,TURKEY,National,0.0
1479,695,8676.03,186493,1060.52,0,12.483496402877698,0.10892153791640775,0.9495677233429395,194,CIGARETTES,National,2.0
1480,26,152.21,183,108.2,15,5.854230769230768,0.4154986367651012,23.28,12,SOFT DRINKS,Private,0.0
1481,156,3072.73,92245,471.70000000000005,4,19.69698717948718,0.13308204704282495,3.806451612903226,156,COUPON/MISC ITEMS,National,4.0
1482,18,1042.35,512,272.18,88,57.90833333333333,0.20705499303933728,32.76470588235294,108,BEEF,National,0.0
1483,111,4517.86,117292,858.94,2,40.70144144144144,0.1597492932599316,6.1454545454545455,150,BEEF,National,4.0
1484,99,3013.39,1580,544.33,4,30.438282828282826,0.15299967394848388,5.826530612244898,153,CHEESE,National,1.0
1485,62,2110.78,572,202.32,2,34.04483870967742,0.08746703557995762,10.737704918032787,113,CIGARETTES,National,3.0
1486,13,516.33,189,78.42000000000002,23,39.71769230769231,0.13185372005044138,47.5,55,BEERS/ALES,National,0.0
1487,34,1181.55,25792,148.27999999999997,3,34.75147058823529,0.11150297406435408,17.424242424242426,106,COUPON/MISC ITEMS,National,0.0
1488,72,3056.48,47149,697.82,5,42.45111111111111,0.18587219987747383,8.211267605633802,150,CIGARETTES,National,4.0
1489,519,16582.53,769082,3778.94,0,31.950924855491326,0.18559269050810184,1.193050193050193,194,COUPON/MISC ITEMS,National,11.0
1490,203,4823.29,231176,1178.5300000000002,8,23.760049261083743,0.19636210349527314,3.3217821782178216,129,COUPON/MISC ITEMS,National,6.0
1491,278,5385.2300000000005,2489,750.62,1,19.3713309352518,0.12233349902621478,2.1660649819494586,164,ICE CREAM/MILK/SHERBTS,National,6.0
1492,92,1163.64,597,220.78999999999996,4,12.648260869565219,0.1594807971511741,7.274725274725275,116,APPLES,National,3.0
1493,24,896.27,25981,196.34,12,37.34458333333333,0.17969815396161487,24.130434782608695,71,SOFT DRINKS,National,1.0
1494,82,2514.95,1347,354.71000000000004,14,30.670121951219514,0.12360697783012624,7.333333333333333,120,BEEF,National,4.0
1495,160,1729.35,1227,254.4,0,10.8084375,0.128241965973535,3.811320754716981,102,BEEF,National,1.0
1496,12,852.95,387,142.95999999999998,26,71.07916666666667,0.1435471076703718,50.81818181818182,93,CHEESE,National,0.0
1497,8,481.49,145,54.07,87,60.18625,0.10095974307267158,71.57142857142857,74,COFFEE FILTERS,National,0.0
1498,26,960.1800000000001,407,152.04000000000002,25,36.93,0.13669957382532236,23.16,93,VITAMINS,National,0.0
1499,84,1961.77,14612,532.6999999999999,3,23.35440476190476,0.21355237785982592,6.9397590361445785,104,SEAFOOD-FRESH,National,1.0
1500,52,911.48,4252,145.46,3,17.52846153846154,0.13762370617064357,11.117647058823529,90,LAUNDRY DETERGENTS,National,0.0
1501,198,8051.64,805088,1055.04,2,40.664848484848484,0.11585341749133603,2.989847715736041,168,COUPON/MISC ITEMS,National,4.0
1502,46,2160.82,862,316.84,3,46.97434782608696,0.12787872428016755,14.355555555555556,128,FROZEN PIZZA,National,4.0
1503,17,117.69,75,21.16,23,6.922941176470588,0.15239467050774216,38.0625,38,REFRIGERATED,National,0.0
1504,3,66.33,9,31.68,486,22.11,0.32323232323232326,59.5,6,PREPAID WIRELESS&ACCESSORIES,National,0.0
1505,102,4053.23,1783,579.66,32,39.73754901960784,0.12511844658517685,5.316831683168317,160,CIGARETTES,National,5.0
1506,135,2237.13,1420,418.70000000000005,0,16.571333333333335,0.15765316304130914,4.753731343283582,83,BEEF,National,4.0
1507,24,1318.3600000000001,46813,186.58999999999997,12,54.93166666666667,0.12398418552111364,24.73913043478261,106,BEEF,National,0.0
1508,81,1849.2,104751,506.66,14,22.82962962962963,0.2150637134634486,7.8125,85,COUPON/MISC ITEMS,National,2.0
1509,198,6297.2300000000005,573952,679.7,1,31.80419191919192,0.0974210720187819,3.16751269035533,159,COUPON/MISC ITEMS,National,5.0
1510,1245,10351.11,560927,1244.04,0,8.314144578313254,0.10728968577379333,0.48311897106109325,208,COUPON/MISC ITEMS,National,5.0
1511,143,3574.76,1704,742.6800000000001,0,24.99832167832168,0.1720186036169582,4.28169014084507,142,FLUID MILK PRODUCTS,National,4.0
1512,91,1593.98,276096,217.76,0,17.516263736263735,0.1201938467992096,7.322222222222222,104,COUPON/MISC ITEMS,Private,1.0
1513,59,867.65,326,156.74,0,14.70593220338983,0.1530081316686028,10.810344827586206,76,FRZN MEAT/MEAT DINNERS,National,0.0
1514,54,2290.21,1037,341.49,4,42.4112962962963,0.12976023102937267,11.018867924528301,104,FROZEN MEAT,National,0.0
1515,96,4134.34,1592,615.86,1,43.06604166666667,0.12964927792514,6.6421052631578945,174,DOMESTIC WINE,National,6.0
1516,15,189.66,71,24.47,187,12.644,0.11427637416522674,25.714285714285715,36,BEERS/ALES,National,0.0
1517,131,3684.29,39583,1162.82,0,28.12435114503817,0.23989965154494122,4.676923076923077,138,FLUID MILK PRODUCTS,National,5.0
1518,34,1373.77,4101,356.46,7,40.405,0.20601885298486328,18.666666666666668,94,BEEF,National,1.0
1519,29,2254.2,8786,381.25,1,77.73103448275862,0.14466220190100362,22.964285714285715,149,DELI MEATS,National,0.0
1520,136,3610.22,644254,626.28,1,26.545735294117648,0.147829576301192,4.296296296296297,125,COUPON/MISC ITEMS,Private,4.0
1521,43,753.95,495,211.90999999999997,17,17.53372093023256,0.21940032716956906,13.785714285714286,115,BEEF,National,0.0
1522,35,1086.56,587,224.29,50,31.044571428571427,0.17110271960941376,15.911764705882353,124,BAG SNACKS,National,0.0
1523,67,1668.3,135823,355.68,4,24.9,0.17573296178815997,9.030303030303031,116,COUPON/MISC ITEMS,Private,0.0
1524,57,2659.0,238079,475.40999999999997,0,46.64912280701754,0.15167447781241125,10.714285714285714,134,COUPON/MISC ITEMS,National,1.0
1525,37,1593.56,888,391.19000000000005,1,43.06918918918919,0.19709787126842174,17.25,97,BEEF,National,0.0
1526,187,2764.54,1529,567.24,0,14.783636363636363,0.17025133712309937,3.2688172043010755,128,SOFT DRINKS,National,3.0
1527,298,16431.75,1607340,1792.4699999999998,0,55.14010067114094,0.09835647286962074,2.1885521885521886,191,COUPON/MISC ITEMS,National,15.0
1528,225,7644.84,286910,1558.99,1,33.977066666666666,0.1693849191043294,2.8035714285714284,193,COUPON/MISC ITEMS,National,9.0
1529,232,8632.74,570649,1542.75,3,37.21008620689655,0.15161432029317506,2.54978354978355,157,COUPON/MISC ITEMS,National,8.0
1530,46,843.92,34191,95.92999999999999,9,18.346086956521738,0.10206947917220834,12.577777777777778,85,FLUID MILK PRODUCTS,National,1.0
1531,41,930.0600000000001,10340,179.39,6,22.68439024390244,0.16169273063229525,15.175,107,CHICKEN,National,0.0
1532,86,1916.02,128817,288.44,14,22.279302325581394,0.13084383477132722,7.258823529411765,106,COUPON/MISC ITEMS,National,2.0
1533,20,218.21,152,13.74,1,10.9105,0.05923690450528131,31.36842105263158,32,CAT FOOD,National,0.0
1534,297,7935.76,716487,974.53,3,26.719730639730642,0.10937129992402042,1.9425675675675675,162,COUPON/MISC ITEMS,National,12.0
1535,231,7643.76,41409,1306.55,0,33.08987012987013,0.1459781839958616,2.6130434782608694,163,BEEF,National,8.0
1536,155,6597.63,428639,965.8,0,42.56535483870968,0.1276933877883447,4.12987012987013,159,COUPON/MISC ITEMS,National,10.0
1537,145,2739.12,133128,379.35,14,18.89048275862069,0.1216461918825578,4.291666666666667,123,INFANT FORMULA,National,4.0
1538,31,499.42,270,94.89000000000001,345,16.11032258064516,0.15966414834009188,9.166666666666666,91,BEERS/ALES,National,0.0
1539,10,79.41,23,5.82,11,7.941,0.06828581485392468,64.77777777777777,14,COLD CEREAL,National,0.0
1540,135,3406.61,2278,679.1700000000001,0,25.234148148148147,0.1662277459873023,4.365671641791045,127,FRZN MEAT/MEAT DINNERS,National,5.0
1541,97,7333.81,17847,791.04,0,75.60628865979382,0.09736056665661519,5.916666666666667,164,FLUID MILK PRODUCTS,National,10.0
1542,114,1929.46,718,344.0,7,16.925087719298247,0.15131121726355423,5.769911504424779,117,SUGARS/SWEETNERS,National,4.0
1543,82,2467.78,1170,659.98,6,30.09487804878049,0.2110072384070389,7.0246913580246915,126,FRZN MEAT/MEAT DINNERS,National,0.0
1544,53,2442.4,131730,323.31,30,46.08301886792453,0.11689945800535848,12.173076923076923,120,COUPON/MISC ITEMS,National,4.0
1545,169,3755.4900000000002,32813,652.32,5,22.221834319526625,0.14799185990321725,3.642857142857143,176,SOFT DRINKS,National,5.0
1546,106,3889.48,83890,724.76,6,36.69320754716981,0.15707028676445092,5.3619047619047615,128,CHEESE,National,6.0
1547,264,1992.09,389131,207.38,0,7.545795454545455,0.09428635080269339,2.425855513307985,84,COUPON/MISC ITEMS,Private,2.0
1548,105,3595.52,11375,709.88,0,34.243047619047616,0.16488131184094396,6.25,142,BEERS/ALES,National,5.0
1549,167,1897.69,74478,370.33000000000004,2,11.363413173652695,0.16328339256267582,4.066265060240964,127,COUPON/MISC ITEMS,National,5.0
1550,313,2364.2400000000002,21707,438.32000000000005,1,7.553482428115015,0.15639986298241607,2.0096153846153846,119,FRZN MEAT/MEAT DINNERS,National,0.0
1551,17,772.96,362,118.03,498,45.46823529411765,0.13247062256590983,11.0,91,NON-DAIRY BEVERAGES,National,1.0
1552,33,919.62,423,115.89999999999999,7,27.867272727272727,0.11192444375772558,18.4375,87,SOUP,National,0.0
1553,15,139.84,98,13.899999999999999,3,9.322666666666667,0.09041238454533626,47.357142857142854,36,BAKED BREAD/BUNS/ROLLS,National,0.0
1554,45,930.77,54671,146.01999999999998,153,20.683777777777777,0.13560675712070133,11.568181818181818,50,SOFT DRINKS,National,0.0
1555,87,1383.83,702,316.12,8,15.906091954022987,0.18595841054148654,7.151162790697675,113,FLUID MILK PRODUCTS,National,3.0
1556,134,3656.97,2425,1026.51,5,27.290820895522387,0.2191767659945169,4.383458646616542,124,DOG FOODS,National,5.0
1557,188,6440.66,680736,542.93,6,34.25882978723404,0.07774368197445726,3.1390374331550803,151,COUPON/MISC ITEMS,National,7.0
1558,139,4427.39,1500,428.25,3,31.851726618705037,0.088196406652882,4.898550724637682,169,HAIR CARE PRODUCTS,National,6.0
1559,50,2352.84,692,262.89,0,47.0568,0.10050349233292426,13.63265306122449,128,BEERS/ALES,National,0.0
1560,42,1056.4,500,409.22,0,25.152380952380955,0.27921289283716105,13.975609756097562,82,BEEF,National,0.0
1561,6,401.41,165,55.68,72,66.90166666666666,0.12181408475354961,104.8,56,PORK,National,0.0
1562,37,975.93,16838,317.22,97,26.376486486486485,0.24530796891311912,13.666666666666666,102,CHEESE,National,0.0
1563,108,4374.33,27160,670.56,4,40.503055555555555,0.13291865630370533,5.317757009345795,151,DOMESTIC WINE,National,3.0
1564,36,437.77,160,92.71000000000001,19,12.160277777777777,0.17476624943447444,17.771428571428572,74,BEEF,National,0.0
1565,31,447.91,12836,97.68,31,14.448709677419354,0.1790355395076889,19.7,69,SOFT DRINKS,National,0.0
1566,315,9715.92,505697,1052.54,0,30.844190476190477,0.09774285273846028,1.872611464968153,179,COUPON/MISC ITEMS,National,4.0
1567,147,2051.67,1333,235.54000000000002,0,13.956938775510205,0.10298136157152164,3.8767123287671232,107,BEEF,National,2.0
1568,77,4393.55,1960,1282.8,0,57.05909090909091,0.22599029305803903,7.578947368421052,149,BEEF,National,5.0
1569,102,1328.76,769,263.83,2,13.027058823529412,0.16566096735506314,6.603960396039604,107,GRAPES,National,2.0
1570,51,2389.96,992,703.54,19,46.86196078431372,0.2274252464845644,11.14,120,SEAFOOD - FROZEN,National,0.0
1571,47,553.47,25362,55.81,3,11.775957446808512,0.09159992121848741,13.521739130434783,54,ICE CREAM/MILK/SHERBTS,National,0.0
1572,48,2251.44,97630,406.37,3,46.905,0.15289655769223534,12.212765957446809,130,COUPON/MISC ITEMS,National,1.0
1573,94,334.29,204,46.54,78,3.556276595744681,0.12220675892130345,5.483870967741935,50,FROZEN PIZZA,National,0.0
1574,28,3616.03,2234,1320.9299999999998,32,129.14392857142857,0.26755938877365826,20.14814814814815,116,BEEF,National,0.0
1575,49,1462.78,8461,305.09000000000003,3,29.85265306122449,0.17257490652593235,12.3125,125,ORGANICS FRUIT & VEGETABLES,National,1.0
1576,17,403.52,276,136.23000000000002,9,23.736470588235292,0.2523946271421955,41.1875,70,BEERS/ALES,National,0.0
1577,81,3788.98,59412,657.1600000000001,16,46.77753086419753,0.14780461254031588,7.4125,150,SOFT DRINKS,National,5.0
1578,89,2763.27,31763,488.53,20,31.047977528089888,0.1502337167107448,6.204545454545454,130,CHICKEN,National,2.0
1579,578,12340.09,882883,2192.8,1,21.349636678200692,0.15088533663985623,1.1577123050259965,176,COUPON/MISC ITEMS,National,8.0
1580,184,1630.75,20942,376.12,0,8.862771739130435,0.18741622526621057,3.453551912568306,126,SOFT DRINKS,National,2.0
1581,24,1082.78,468,323.68,19,45.115833333333335,0.2301380771582555,10.043478260869565,111,FRZN MEAT/MEAT DINNERS,National,2.0
1582,37,1907.02,16323,213.28,81,51.54108108108108,0.10058953921614865,13.944444444444445,122,BAG SNACKS,National,5.0
1583,19,327.3,88,45.67,24,17.226315789473684,0.1224495267715902,31.944444444444443,25,CAKES,Private,0.0
1584,300,6993.34,327077,822.4100000000001,3,23.311133333333334,0.10522470652208682,2.250836120401338,156,COUPON/MISC ITEMS,National,5.0
1585,143,8908.59,412806,928.62,3,62.29783216783217,0.09439871670931087,4.309859154929577,196,COUPON/MISC ITEMS,National,7.0
1586,69,2136.87,745,172.45,23,30.969130434782606,0.07467566209966571,8.294117647058824,87,DIAPERS & DISPOSABLES,National,5.0
1587,62,650.5,29829,110.01999999999998,0,10.491935483870968,0.14466417714195548,9.770491803278688,77,COUPON/MISC ITEMS,National,1.0
1588,223,4893.3,51794,538.8100000000001,0,21.94304932735426,0.09918981758469544,2.626126126126126,184,FLUID MILK PRODUCTS,National,4.0
1589,17,327.29,143,64.33,55,19.252352941176472,0.16426638067514426,34.3125,53,SOUP,National,0.0
1590,147,7580.39,2814,915.04,2,51.56727891156463,0.10770967449558173,4.636986301369863,172,SOFT DRINKS,National,9.0
1591,100,4420.01,299486,743.8399999999999,0,44.2001,0.14404756141251196,6.656565656565657,126,COUPON/MISC ITEMS,National,4.0
1592,48,2237.76,158040,209.0,17,46.620000000000005,0.08541908483055141,11.97872340425532,103,COUPON/MISC ITEMS,National,1.0
1593,41,1729.45,33909,314.22,0,42.18170731707317,0.15375280744934358,15.25,131,BEERS/ALES,National,1.0
1594,105,2585.64,67128,459.20000000000005,5,24.625142857142855,0.15081252216865254,5.4423076923076925,122,COLD CEREAL,National,1.0
1595,132,5376.86,370700,621.1,6,40.73378787878788,0.10355187430393001,4.824427480916031,136,COUPON/MISC ITEMS,National,3.0
1596,25,1980.14,826,267.26,2,79.2056,0.11891964047343596,25.208333333333332,131,FRZN MEAT/MEAT DINNERS,National,0.0
1597,49,483.22,9504,89.60999999999999,54,9.861632653061225,0.15643384599270285,11.333333333333334,72,FRZN MEAT/MEAT DINNERS,National,0.0
1598,428,10753.03,204418,2004.0,8,25.123901869158882,0.15708985555415328,1.3372365339578454,202,BEEF,National,9.0
1599,173,5762.2,3104,1022.01,0,33.30751445086705,0.15064539570561641,3.8255813953488373,161,BEEF,National,6.0
1600,62,889.44,103996,233.59000000000003,15,14.345806451612905,0.20799978629244098,10.295081967213115,75,COUPON/MISC ITEMS,Private,0.0
1601,20,1269.51,576,186.57999999999998,206,63.4755,0.12813768379701804,24.736842105263158,130,CHEESE,National,2.0
1602,157,6334.58,2659,686.72,1,40.34764331210191,0.09780524974007662,3.8974358974358974,181,FRZN MEAT/MEAT DINNERS,National,8.0
1603,11,492.72,284,138.16000000000003,113,44.79272727272728,0.21899568856200863,46.8,74,BEEF,National,0.0
1604,147,722.8000000000001,400,86.79,2,4.9170068027210885,0.10720241109697501,3.9383561643835616,57,CRACKERS/MISC BKD FD,National,3.0
1605,56,698.0,415,190.42000000000002,25,12.464285714285714,0.21433556200895973,10.127272727272727,105,SALAD BAR,National,1.0
1606,17,946.21,364,195.57999999999998,61,55.65941176470589,0.1712924443198837,32.25,67,SEAFOOD - FROZEN,National,0.0
1607,130,3651.19,1807,2284.37,0,28.086076923076924,0.38486174851235605,4.813953488372093,48,SOFT DRINKS,National,5.0
1608,38,1328.5,15160,397.02,16,34.96052631578947,0.2300871621308359,15.91891891891892,106,SOFT DRINKS,National,0.0
1609,395,26809.670000000002,2058185,2331.7400000000002,1,67.87258227848102,0.08001465955147674,1.6243654822335025,200,COUPON/MISC ITEMS,National,3.0
1610,11,164.49,64,20.64,217,14.953636363636365,0.11148922378868903,38.0,34,FROZEN PIZZA,National,0.0
1611,41,511.8,12797,82.11000000000001,1,12.482926829268292,0.13825327069758045,15.225,67,BEERS/ALES,National,0.0
1612,146,8099.08,645951,899.29,0,55.473150684931504,0.09993921121269742,4.510344827586207,194,COUPON/MISC ITEMS,National,0.0
1613,130,6318.58,2877,869.16,20,48.604461538461535,0.12092257093328362,4.837209302325581,139,FLUID MILK PRODUCTS,National,7.0
1614,72,481.3,6715,64.94,0,6.684722222222223,0.11888547158758055,8.366197183098592,51,FRZN VEGETABLE/VEG DSH,Private,0.0
1615,42,869.28,5504,192.81,23,20.697142857142858,0.18153828771573033,15.048780487804878,90,CHICKEN/POULTRY,National,1.0
1616,38,1235.72,5696,245.1,51,32.51894736842105,0.16551640307397253,16.594594594594593,111,BEEF,National,0.0
1617,102,3920.51,10580,686.3199999999999,33,38.43637254901961,0.14897879887037288,6.415841584158416,121,BEEF,National,8.0
1618,97,4394.12,358251,466.77,6,45.300206185567006,0.09602562493699714,5.822916666666667,154,COUPON/MISC ITEMS,National,5.0
1619,171,4077.09,390731,537.18,2,23.84263157894737,0.11641711473320805,3.4705882352941178,141,COUPON/MISC ITEMS,National,3.0
1620,332,9066.78,420836,2294.12,2,27.309578313253013,0.20193118502935503,1.851963746223565,181,COUPON/MISC ITEMS,National,9.0
1621,82,2982.59,21252,616.6,2,36.37304878048781,0.17131632395066668,7.271604938271605,116,SOFT DRINKS,National,2.0
1622,103,3738.79,100169,942.68,1,36.29893203883495,0.20136410144676778,6.362745098039215,151,SOFT DRINKS,National,3.0
1623,159,4217.55,125217,812.74,0,26.525471698113208,0.1615692137033849,3.6139240506329116,141,BEEF,National,0.0
1624,82,1567.81,641,243.33,0,19.11963414634146,0.13435184469450182,7.098765432098766,86,SOFT DRINKS,National,1.0
1625,39,445.03,233,63.92,30,11.41102564102564,0.12559190490224972,14.289473684210526,62,SALAD BAR,National,0.0
1626,2,42.959999999999994,8,2.16,244,21.479999999999997,0.04787234042553193,333.0,3,FIREWORKS,National,0.0
1627,110,3201.64,207981,472.83,3,29.10581818181818,0.12867978239038555,5.669724770642202,127,COUPON/MISC ITEMS,National,2.0
1628,12,198.45,68,28.389999999999993,4,16.537499999999998,0.12515429377534826,55.72727272727273,35,SOFT DRINKS,National,0.0
1629,9,590.71,261,79.53,20,65.63444444444445,0.11865898782525662,82.5,76,FRZN MEAT/MEAT DINNERS,National,0.0
1630,178,8787.04,2745,1444.38,1,49.36539325842697,0.14117102024938863,3.2711864406779663,153,CIGARETTES,National,5.0
1631,334,9786.31,14625,2428.45,2,29.300329341317365,0.19881274785587275,1.7537537537537538,162,SOFT DRINKS,National,7.0
1632,64,2104.91,118518,287.32000000000005,10,32.88921875,0.12010550824962485,9.555555555555555,107,COUPON/MISC ITEMS,National,1.0
1633,205,9716.34,211852,1797.0900000000001,5,47.396780487804875,0.15608641386624142,3.2941176470588234,191,DELI MEATS,National,12.0
1634,81,4243.97,4768,857.13,5,52.394691358024694,0.16802846444884437,8.025,134,CIGARETTES,National,4.0
1635,20,128.98,56,24.430000000000003,20,6.449,0.15924646372465942,30.0,29,FRZN ICE,National,0.0
1636,15,524.48,291,114.39,0,34.965333333333334,0.17905051105858782,43.785714285714285,66,FROZEN PIZZA,National,0.0
1637,55,941.76,341,394.63,15,17.12290909090909,0.2952955349860445,11.055555555555555,48,COOKIES,Private,0.0
1638,48,533.29,431,179.31,8,11.110208333333333,0.2516278417064272,11.914893617021276,79,COLD CEREAL,National,0.0
1639,101,2279.16,1246,441.04,24,22.565940594059406,0.16213513712227043,5.79,132,BEEF,National,4.0
1640,143,4274.16,261414,701.41,0,29.889230769230767,0.14097078324694456,4.288732394366197,137,COUPON/MISC ITEMS,National,5.0
1641,46,557.63,40065,104.71000000000001,13,12.122391304347826,0.15809101065917808,12.933333333333334,70,COUPON/MISC ITEMS,National,0.0
1642,120,1965.05,5385,505.85,9,16.375416666666666,0.20472297543405238,5.453781512605042,96,FLUID MILK PRODUCTS,National,7.0
1643,43,1358.48,40772,297.53,0,31.592558139534884,0.17966678945175452,14.5,100,SOFT DRINKS,National,0.0
1644,18,323.18,10412,63.1,6,17.954444444444444,0.16335300818059437,33.1764705882353,52,COUPON/MISC ITEMS,National,0.0
1645,8,296.52,93,63.470000000000006,17,37.065,0.1763104530681408,78.71428571428571,39,SOFT DRINKS,National,0.0
1646,67,1541.88,404,143.89,8,23.01313432835821,0.08535565349958772,9.484848484848484,64,BEERS/ALES,National,1.0
1647,12,50.49,29,9.120000000000001,10,4.2075000000000005,0.1529944640161047,56.54545454545455,17,COFFEE,National,0.0
1648,115,5225.86,528219,1096.6399999999999,6,45.44226086956522,0.17345037564254645,5.412280701754386,146,COUPON/MISC ITEMS,National,7.0
1649,44,1035.23,13557,158.49,13,23.527954545454545,0.13276982877056598,13.023255813953488,88,IMPORTED WINE,National,0.0
1650,100,2167.86,881,371.23999999999995,5,21.678600000000003,0.14620928675514944,5.666666666666667,115,BEEF,National,0.0
1651,61,1915.83,682,313.64,19,31.407049180327867,0.14067917487115772,10.516666666666667,127,HAND/BODY/FACIAL PRODUCTS,National,1.0
1652,29,751.27,239,113.25,11,25.905862068965515,0.13099754777217415,23.785714285714285,65,BEERS/ALES,National,0.0
1653,510,18045.68,1010080,4054.84,0,35.383686274509806,0.18347260607442722,1.1650294695481336,190,COUPON/MISC ITEMS,National,10.0
1654,39,786.53,26057,63.42,4,20.167435897435897,0.07461615389140538,16.55263157894737,74,CAKES,National,0.0
1655,39,476.31,239,92.66,109,12.213076923076922,0.16285568659156016,14.894736842105264,83,CHEESE,National,0.0
1656,10,458.22,127,47.68,23,45.822,0.09424787507412531,70.11111111111111,40,DIAPERS & DISPOSABLES,National,0.0
1657,50,647.9,42198,46.8,2,12.958,0.0673672088671369,11.714285714285714,53,COUPON/MISC ITEMS,National,0.0
1658,64,1694.42,705,290.07000000000005,0,26.4753125,0.14616853700446966,9.365079365079366,92,BEEF,National,0.0
1659,127,2739.71,3661,586.78,12,21.57251968503937,0.17639614127804382,4.603174603174603,144,CHEESE,National,6.0
1660,58,1959.51,12409,478.53000000000003,4,33.78465517241379,0.19627651720234288,10.87719298245614,109,MEAT - MISC,National,1.0
1661,42,1292.14,71645,119.58,23,30.765238095238097,0.0847051823307738,14.902439024390244,92,COUPON/MISC ITEMS,National,0.0
1662,81,8321.4,3456,1492.94,4,102.73333333333333,0.15211822700252894,7.425,174,SOFT DRINKS,National,11.0
1663,180,1689.7,433930,85.97,2,9.387222222222222,0.04841552765998186,3.2737430167597767,53,COUPON/MISC ITEMS,Private,2.0
1664,40,2141.11,72178,572.48,0,53.527750000000005,0.21096775857811975,15.435897435897436,114,HOUSEHOLD CLEANG NEEDS,National,0.0
1665,98,1218.4,68236,252.17,7,12.43265306122449,0.1714777263238064,6.484536082474227,97,COUPON/MISC ITEMS,National,0.0
1666,82,1078.47,4153,150.92,9,13.152073170731708,0.12276006800120383,6.8765432098765435,71,SMOKING CESSATIONS,Private,1.0
1667,40,791.12,442,283.84,41,19.778,0.2640470343082533,15.256410256410257,93,SOFT DRINKS,National,1.0
1668,92,2203.37,111672,186.26999999999998,1,23.949673913043476,0.07794897976264206,6.417582417582418,139,COUPON/MISC ITEMS,National,2.0
1669,8,217.75,91,34.29,5,27.21875,0.13604983335978416,93.0,36,APPLES,National,0.0
1670,19,96.48,2336,11.279999999999998,59,5.077894736842105,0.10467706013363026,33.44444444444444,35,BEEF,National,0.0
1671,37,1391.21,695,211.11,27,37.60027027027027,0.13175270857256977,16.27777777777778,106,SOFT DRINKS,National,2.0
1672,72,1692.79,18551,298.06,1,23.51097222222222,0.14971494587738907,9.169014084507042,118,CIGARETTES,National,2.0
1673,107,4704.52,249506,840.99,8,43.967476635514025,0.15165241790205047,5.40566037735849,167,COUPON/MISC ITEMS,National,5.0
1674,8,120.28,103,80.44999999999999,264,15.035,0.40078712698649926,51.285714285714285,25,FLUID MILK PRODUCTS,Private,0.0
1675,102,4862.09,75288,1467.71,50,47.66754901960785,0.23187304496192612,5.693069306930693,147,REFRIGERATED,National,8.0
1676,94,4969.24,207345,732.6800000000001,1,52.86425531914893,0.12849706765440413,6.096774193548387,149,COUPON/MISC ITEMS,National,6.0
1677,191,12308.84,4365,1772.0700000000002,0,64.4441884816754,0.12584911060435727,3.5157894736842104,188,SOFT DRINKS,National,12.0
1678,77,2492.12,9929,369.37,22,32.365194805194804,0.12908310006325377,7.144736842105263,131,INFANT FORMULA,National,4.0
1679,45,271.24,143,51.35,35,6.027555555555556,0.1591803837688707,14.045454545454545,44,ICE CREAM/MILK/SHERBTS,National,0.0
1680,49,2022.43,886,566.13,9,41.274081632653065,0.2187046079673641,12.625,124,FRZN MEAT/MEAT DINNERS,National,0.0
1681,90,2602.28,104692,419.82,39,28.914222222222218,0.13891664736441545,6.550561797752809,113,COUPON/MISC ITEMS,National,2.0
1682,8,88.91,66,21.409999999999997,95,11.11375,0.1940717911530094,72.57142857142857,25,FRZN MEAT/MEAT DINNERS,National,0.0
1683,84,1799.55,12229,257.53999999999996,2,21.423214285714284,0.12519627240422146,7.9156626506024095,121,SOFT DRINKS,National,4.0
1684,48,1411.82,4077,192.56,3,29.412916666666664,0.12002144130442914,13.106382978723405,97,SOFT DRINKS,National,0.0
1685,89,1216.77,523,177.26999999999998,5,13.671573033707865,0.12716277868640785,7.204545454545454,105,SOFT DRINKS,National,2.0
1686,89,1202.47,12815,273.70000000000005,3,13.510898876404495,0.1854122492666834,6.488636363636363,94,CAT FOOD,National,1.0
1687,104,3674.39,1542,676.63,7,35.33067307692308,0.15551066186779194,5.640776699029126,137,YOGURT,National,6.0
1688,36,971.12,36357,255.57000000000002,0,26.975555555555555,0.20834114568472883,17.2,95,COUPON/MISC ITEMS,National,0.0
1689,118,2596.93,115619,608.87,11,22.007881355932202,0.1899276311685071,5.666666666666667,107,BEERS/ALES,National,2.0
1690,55,1296.71,600,286.07,11,23.576545454545457,0.180738952981463,10.722222222222221,107,INFANT FORMULA,National,0.0
1691,48,2246.72,932,433.02,20,46.806666666666665,0.1615903035369103,12.106382978723405,121,DELI MEATS,National,0.0
1692,141,1913.73,97441,648.55,2,13.572553191489362,0.25311441372527593,4.735714285714286,122,COUPON/MISC ITEMS,National,3.0
1693,157,7697.78,98386,1143.0500000000002,6,49.03044585987261,0.1292921592203447,3.66025641025641,189,REFRIGERATED,National,7.0
1694,238,7645.78,303006,1490.11,0,32.125126050420164,0.16310507241221162,2.4261603375527425,144,FUEL,National,9.0
1695,152,1129.65,32965,269.28999999999996,1,7.431907894736843,0.1924957467797046,4.33112582781457,94,DOG FOODS,National,1.0
1696,60,2601.39,1010,260.79999999999995,7,43.3565,0.09111903821898616,9.796610169491526,137,COFFEE,National,5.0
1697,41,945.01,9709,177.59,5,23.0490243902439,0.15819526100124712,14.3,84,BEEF,National,0.0
1698,36,1728.25,941,237.34,5,48.00694444444444,0.12074746005016307,17.257142857142856,119,DELI MEATS,National,0.0
1699,25,971.2,372,344.41,0,38.848,0.2617873077887824,24.791666666666668,72,BEEF,National,0.0
1700,33,1606.69,820,374.81,6,48.68757575757576,0.18915468079737574,18.8125,84,FROZEN PIZZA,National,0.0
1701,29,1382.22,137404,102.74000000000001,2,47.66275862068966,0.06918704880939554,21.428571428571427,82,COUPON/MISC ITEMS,National,0.0
1702,30,1927.05,850,392.27,27,64.235,0.1691314695686667,18.93103448275862,87,SOFT DRINKS,National,0.0
1703,214,4251.53,2287,650.78,0,19.86696261682243,0.13274966291401402,2.6854460093896715,135,BEEF,National,5.0
1704,44,387.16,11011,76.03999999999999,19,8.799090909090909,0.16416234887737474,15.279069767441861,47,COUPON/MISC ITEMS,National,0.0
1705,163,1663.01,7752,326.26,6,10.202515337423312,0.1640099131842334,3.950617283950617,127,LUNCHMEAT,National,7.0
1706,15,299.36,153,56.37,2,19.957333333333334,0.15846287914991705,43.285714285714285,56,INFANT FORMULA,National,0.0
1707,713,6346.06,3134,971.72,3,8.900504908835906,0.13278890592502096,0.9325842696629213,180,SOFT DRINKS,National,8.0
1708,55,3388.2,1742,1025.8899999999999,6,61.60363636363636,0.23241256974823798,10.777777777777779,116,BEEF,National,3.0
1709,82,1941.63,50890,422.18999999999994,16,23.678414634146343,0.1786049699215676,7.382716049382716,137,CHEESE,National,1.0
1710,207,11653.33,374623,1978.9499999999998,2,56.29628019323671,0.1451664725196372,3.2281553398058254,177,INFANT FORMULA,National,10.0
1711,11,664.98,14081,160.8,38,60.45272727272727,0.194724987284749,57.9,82,MEAT - MISC,National,0.0
1712,32,701.94,334,135.26999999999998,4,21.935624999999998,0.16157236535636219,18.129032258064516,92,SOUP,National,0.0
1713,34,1527.82,578,172.58,0,44.93588235294118,0.10149376617266527,20.12121212121212,54,FRZN MEAT/MEAT DINNERS,National,0.0
1714,9,264.72,124,49.67,30,29.413333333333338,0.15798848563885617,77.125,43,SEAFOOD - FROZEN,National,0.0
1715,50,908.6,386,123.30000000000001,10,18.172,0.1194883225118713,13.285714285714286,114,BAKING NEEDS,National,0.0
1716,178,1939.64,16997,286.96000000000004,3,10.89685393258427,0.12887811012305758,3.327683615819209,139,FROZEN PIZZA,National,4.0
1717,81,1583.49,15812,623.79,8,19.54925925925926,0.28260574100250085,7.7,67,BEEF,National,1.0
1718,29,733.46,269,114.92,18,25.291724137931034,0.13545816733067728,22.178571428571427,93,BEEF,National,0.0
1719,75,2851.64,1271,462.15999999999997,2,38.02186666666667,0.13946526646146418,8.243243243243244,152,COLD CEREAL,National,0.0
1720,136,5430.03,44844,670.64,0,39.926691176470584,0.10992890944765082,4.451851851851852,152,DOG FOODS,National,8.0
1721,14,304.59000000000003,148,72.47,10,21.756428571428575,0.19219752824484163,43.0,50,FRZN MEAT/MEAT DINNERS,National,0.0
1722,248,10924.9,321312,3091.4,3,44.05201612903225,0.22055749377510472,2.6558704453441297,180,SOFT DRINKS,National,6.0
1723,84,4469.22,20152,257.32,3,53.205000000000005,0.0544415153579574,8.120481927710843,65,DOMESTIC WINE,National,3.0
1724,92,2553.54,18445,360.18,6,27.75586956521739,0.12361517235698695,6.670329670329671,146,IMPORTED WINE,National,0.0
1725,16,773.88,203,52.51,111,48.3675,0.06354142717119035,32.53333333333333,78,DOMESTIC WINE,National,0.0
1726,169,7525.37,597547,797.65,3,44.52881656804734,0.09583660738530005,3.738095238095238,173,COUPON/MISC ITEMS,National,8.0
1727,2,149.01,32645,6.390000000000001,565,74.505,0.04111969111969113,9.0,16,COUPON/MISC ITEMS,Private,0.0
1728,19,1283.58,476,211.26000000000002,3,67.55684210526316,0.14132616199727063,31.88888888888889,95,FRZN MEAT/MEAT DINNERS,National,0.0
1729,84,2899.52,6218,518.3,11,34.518095238095235,0.15164637107864076,7.686746987951807,156,CAT FOOD,National,6.0
1730,159,3304.78,1208190,41.41999999999999,3,20.78477987421384,0.012378220070527758,4.0886075949367084,23,COUPON/MISC ITEMS,Private,0.0
1731,66,3059.09,74689,856.04,1,46.349848484848486,0.2186491891712408,9.523076923076923,144,COUPON/MISC ITEMS,National,5.0
1732,94,3271.87,1544,567.04,3,34.80712765957447,0.1477085943666301,6.161290322580645,158,INFANT FORMULA,National,5.0
1733,29,1305.81,408,144.17999999999998,1,45.027931034482755,0.09943516851840356,24.071428571428573,105,MAGAZINE,National,2.0
1734,19,161.78,7427,30.89,6,8.514736842105263,0.16032594591789068,31.666666666666668,31,COUPON/MISC ITEMS,National,0.0
1735,85,3541.41,77087,554.77,2,41.66364705882353,0.13543594275642182,6.869047619047619,153,BEEF,National,2.0
1736,22,374.48,188,98.35000000000001,53,17.021818181818183,0.20800287629803524,25.142857142857142,54,SOFT DRINKS,National,0.0
1737,26,333.5,269,108.54000000000002,5,12.826923076923077,0.24554338973848525,23.8,59,BAKING NEEDS,National,0.0
1738,62,1379.3600000000001,659,637.4100000000001,3,22.24774193548387,0.3160548798326036,10.754098360655737,76,ICE CREAM/MILK/SHERBTS,National,0.0
1739,33,771.21,430,188.07,1,23.37,0.1960532899674756,18.5,76,DOG FOODS,National,0.0
1740,365,11393.65,445824,1327.37,2,31.215479452054794,0.10434462016410632,1.620879120879121,171,COUPON/MISC ITEMS,National,4.0
1741,14,153.20000000000002,8871,26.16,73,10.942857142857141,0.14585191793041927,38.07692307692308,43,LIQUOR,National,0.0
1742,279,2127.21,3507,251.18,0,7.624408602150538,0.10560925668204123,2.197841726618705,76,BEERS/ALES,National,3.0
1743,41,1157.96,143319,226.57999999999998,1,28.242926829268292,0.1636500209455848,15.2,104,COUPON/MISC ITEMS,National,0.0
1744,55,1069.62,552,93.67999999999999,21,19.447636363636363,0.08052952806670678,10.907407407407407,77,BABY FOODS,National,1.0
1745,121,2465.47,1234,508.77,0,20.375785123966946,0.17105882511162515,5.641666666666667,100,BEEF,National,6.0
1746,48,2177.16,16869,415.1,29,45.357499999999995,0.1601305424610186,13.425531914893616,119,INFANT FORMULA,National,2.0
1747,88,2912.17,257495,587.8000000000001,7,33.09284090909091,0.1679442966654,7.252873563218391,120,COUPON/MISC ITEMS,Private,4.0
1748,230,4892.79,207590,1074.31,0,21.273,0.18003887985788739,2.4716157205240177,152,SOFT DRINKS,National,0.0
1749,119,4093.02,414378,466.64,1,34.39512605042017,0.10234096401924705,5.0,139,COUPON/MISC ITEMS,National,6.0
1750,20,736.42,11986,236.23000000000002,13,36.821,0.24287256464298568,30.63157894736842,76,CHICKEN,National,0.0
1751,136,3961.88,2251,945.74,6,29.131470588235295,0.19270848191180248,4.874074074074074,146,SOFT DRINKS,National,5.0
1752,190,6333.81,29816,1446.55,7,33.33584210526316,0.18592327347320686,3.2804232804232805,149,BEEF,National,9.0
1753,453,2946.9,195824,411.35,5,6.505298013245033,0.1224893917963225,1.2898230088495575,149,COUPON/MISC ITEMS,National,6.0
1754,198,3925.93,166139,1363.23,1,19.82792929292929,0.2577403595277889,3.269035532994924,137,FRZN MEAT/MEAT DINNERS,National,7.0
1755,29,958.99,367,128.53,34,33.06862068965517,0.11818633220538473,20.535714285714285,105,SOFT DRINKS,National,0.0
1756,61,3192.9900000000002,149799,492.93,18,52.34409836065574,0.13373323349394453,10.1,158,COUPON/MISC ITEMS,National,5.0
1757,10,253.11,95,51.04,229,25.311,0.16781193490054247,46.666666666666664,34,CIGARETTES,National,0.0
1758,67,1986.84,856,417.09999999999997,4,29.654328358208957,0.17350682629350148,9.984848484848484,130,SOFT DRINKS,National,2.0
1759,212,3821.87,79714,958.9599999999999,2,18.027688679245284,0.2005844173501254,2.677725118483412,158,COUPON/MISC ITEMS,National,6.0
1760,47,519.11,230,52.959999999999994,6,11.044893617021277,0.0925760833464436,14.369565217391305,62,CONVENIENT BRKFST/WHLSM SNACKS,National,0.0
1761,27,1571.08,668,290.22,8,58.188148148148144,0.15592327942835654,22.03846153846154,111,BEEF,National,1.0
1762,325,14361.65,1544433,2518.36,1,44.189692307692304,0.1491918547441619,1.8179012345679013,201,COUPON/MISC ITEMS,Private,8.0
1763,142,3629.14,1140,502.82,4,25.55732394366197,0.12169043262761498,4.2695035460992905,129,BEERS/ALES,National,7.0
1764,125,10739.57,506600,1424.69,4,85.91656,0.11712097571081184,4.588709677419355,203,COUPON/MISC ITEMS,National,13.0
1765,58,2795.89,27936,593.51,5,48.205,0.17510768867646193,10.473684210526315,146,LUNCHMEAT,National,1.0
1766,37,453.84,280,100.92999999999999,1,12.265945945945946,0.1819312507886151,16.555555555555557,75,SOFT DRINKS,National,0.0
1767,475,9076.58,30170,1804.12,0,19.108589473684212,0.16580918507081344,1.4113924050632911,198,SOFT DRINKS,National,11.0
1768,64,1372.98,7238,329.0,5,21.4528125,0.19330426914534835,8.952380952380953,89,SEAFOOD - FROZEN,National,1.0
1769,152,7055.45,25325,1143.8200000000002,4,46.41743421052632,0.13950266304195375,4.3841059602649,138,SEAFOOD - FROZEN,National,6.0
1770,461,8517.58,889299,1246.88,0,18.476312364425162,0.12769574559166613,1.3782608695652174,185,COUPON/MISC ITEMS,National,0.0
1771,11,532.2,205,46.769999999999996,34,48.38181818181818,0.0807813876366651,62.4,49,CHIPS&SNACKS,National,0.0
1772,96,2452.88,1169,393.73,62,25.550833333333333,0.13831539972107174,6.231578947368421,105,ADULT INCONTINENCE,National,4.0
1773,89,3248.79,210397,381.9,3,36.50325842696629,0.10518661741982928,6.920454545454546,136,COUPON/MISC ITEMS,National,3.0
1774,64,4617.89,2020,742.9300000000001,3,72.15453125,0.13858514182531775,9.492063492063492,142,BEEF,National,4.0
1775,199,8944.75,550116,1595.31,1,44.948492462311556,0.15135682339569226,2.8737373737373737,171,COUPON/MISC ITEMS,National,0.0
1776,230,3714.26,2232,683.56,0,16.14895652173913,0.15543155472484094,2.480349344978166,143,FLUID MILK PRODUCTS,National,6.0
1777,72,1147.51,402,187.72,37,15.93763888888889,0.14059001070976535,7.704225352112676,92,CHICKEN,National,2.0
1778,251,8880.36,1325576,1072.33,2,35.379920318725105,0.10774273085969721,2.388,166,COUPON/MISC ITEMS,National,8.0
1779,107,3483.27,64380,1071.45,5,32.55392523364486,0.23523948782801138,6.047169811320755,143,FLUID MILK PRODUCTS,National,6.0
1780,43,1413.68,697,199.65000000000003,2,32.87627906976744,0.12375025568234646,15.595238095238095,115,BEEF,National,0.0
1781,91,3213.54,162807,383.21,5,35.31362637362637,0.10654340724264962,6.7444444444444445,157,COUPON/MISC ITEMS,National,3.0
1782,34,1664.79,36377,148.17,42,48.96441176470588,0.08172822345777071,17.393939393939394,114,BEEF,National,0.0
1783,85,3848.67,198987,611.6599999999999,0,45.278470588235294,0.13713335111976016,7.559523809523809,139,COUPON/MISC ITEMS,National,6.0
1784,39,1891.55,716,315.65999999999997,5,48.50128205128205,0.1430131251670661,17.105263157894736,118,CHEESES,National,2.0
1785,71,1435.11,758,385.42,2,20.212816901408452,0.211707579660868,8.742857142857142,139,FLUID MILK PRODUCTS,National,1.0
1786,44,409.73,33626,29.430000000000003,28,9.312045454545455,0.06701430002732489,13.627906976744185,70,COUPON/MISC ITEMS,National,0.0
1787,60,1091.52,645,286.13,1,18.192,0.20769426196784377,10.898305084745763,99,MEAT - MISC,National,0.0
1788,145,8491.23,301752,509.84000000000003,6,58.56020689655172,0.056642154766044485,3.986111111111111,143,FROZEN,National,6.0
1789,22,293.19,123,25.419999999999998,4,13.326818181818181,0.07978406201939675,31.80952380952381,50,DIAPERS & DISPOSABLES,National,0.0
1790,46,1953.5,931,271.54,6,42.46739130434783,0.1220382554920361,13.444444444444445,86,CANDY - CHECKLANE,National,3.0
1791,132,2785.09,103097,614.62,0,21.09916666666667,0.18078600821834803,4.435114503816794,140,BEEF,National,3.0
1792,116,3013.8,130009,582.76,0,25.981034482758623,0.16203260893742907,5.2956521739130435,114,CIGARETTES,National,1.0
1793,60,1864.27,8864,378.53,0,31.071166666666667,0.16877563759586228,11.220338983050848,117,DIAPERS & DISPOSABLES,National,2.0
1794,73,3439.38,29116,444.84000000000003,0,47.114794520547946,0.11452492392294979,9.319444444444445,150,INFANT FORMULA,National,2.0
1795,1086,9318.83,128307,2700.4100000000003,0,8.580874769797422,0.22467393945041453,0.5474654377880185,181,FRZN MEAT/MEAT DINNERS,National,8.0
1796,54,2412.9900000000002,109135,292.64,11,44.685,0.10815965228061486,11.339622641509434,102,COUPON/MISC ITEMS,National,2.0
1797,108,5228.31,2018,1221.21,1,48.41027777777778,0.18934897480742752,5.682242990654205,169,FRZN MEAT/MEAT DINNERS,National,5.0
1798,41,2430.56,1171,495.07000000000005,17,59.281951219512194,0.16921825384618014,14.2,127,CHEESE,National,1.0
1799,51,394.48,229,22.06,24,7.734901960784314,0.052960099870360586,11.96,49,FRZN MEAT/MEAT DINNERS,National,0.0
1800,81,3460.06,591401,400.29999999999995,2,42.71679012345679,0.10369499217689541,7.8375,146,COUPON/MISC ITEMS,Private,1.0
1801,59,692.77,38807,97.60999999999999,5,11.74186440677966,0.12349755813659251,9.96551724137931,55,CIGARETTES,National,0.0
1802,49,4574.63,29324,551.74,3,93.35979591836735,0.10762781461345942,11.916666666666666,157,BEEF,National,3.0
1803,206,13994.22,5880,1232.47,4,67.9331067961165,0.08094142587785003,3.2243902439024392,180,LIQUOR,National,13.0
1804,296,9660.49,706187,1567.37,0,32.63679054054054,0.13959650369705356,1.976271186440678,193,COUPON/MISC ITEMS,National,8.0
1805,69,698.9,165,33.18000000000001,5,10.128985507246377,0.04532291552835757,8.955882352941176,39,BEERS/ALES,National,0.0
1806,132,3803.7400000000002,15578,718.49,11,28.81621212121212,0.15887957932259084,4.770992366412214,149,SOFT DRINKS,National,5.0
1807,203,7598.82,85169,1356.44,2,37.432610837438425,0.15146852241029296,2.787128712871287,178,BEEF,National,9.0
1808,92,1745.57,611,236.95000000000002,4,18.97358695652174,0.11951960131549745,7.164835164835165,121,CIGARETTES,National,3.0
1809,57,1452.4,791,328.13,8,25.480701754385965,0.18428782441183242,11.714285714285714,120,SOFT DRINKS,National,1.0
1810,259,3916.76,199285,300.52,0,15.122625482625484,0.07125920024281052,2.2751937984496124,120,BEERS/ALES,National,3.0
1811,16,852.5600000000001,30500,211.76,3,53.285000000000004,0.19896271797955498,38.93333333333333,64,CHICKEN,National,0.0
1812,100,1860.32,42055,335.77,0,18.6032,0.1528944624309568,5.737373737373737,134,SPRING/SUMMER SEASONAL,National,2.0
1813,3,203.81,89,31.22,80,67.93666666666667,0.13283410628430412,244.0,44,BEEF,National,0.0
1814,49,3646.52,11320,438.90999999999997,11,74.41877551020409,0.10743299970872099,11.895833333333334,167,FLUID MILK PRODUCTS,National,3.0
1815,83,4142.75,239788,715.08,4,49.91265060240964,0.1472015282543852,6.841463414634147,170,COUPON/MISC ITEMS,National,1.0
1816,152,3677.48,184367,574.52,5,24.193947368421053,0.1351175917215428,4.059602649006623,164,COUPON/MISC ITEMS,National,5.0
1817,43,901.61,2795,134.69,3,20.967674418604652,0.12997201582553314,13.714285714285714,80,BEERS/ALES,National,0.0
1818,65,1202.31,20232,213.53000000000003,1,18.49707692307692,0.15081506384902252,10.421875,114,DIAPERS & DISPOSABLES,National,1.0
1819,64,1417.94,15008,253.1,22,22.1553125,0.1514625622366909,8.634920634920634,107,CHEESE,National,0.0
1820,76,4208.08,28006,441.08,22,55.369473684210526,0.09487305233633603,7.28,138,SOFT DRINKS,National,6.0
1821,124,4694.42,97075,697.33,2,37.858225806451614,0.12933277692771364,5.2926829268292686,168,BEEF,National,8.0
1822,212,3450.62,10563,621.33,1,16.276509433962264,0.15258782647134667,2.895734597156398,173,BEEF,National,3.0
1823,353,11833.69,734197,1967.28,0,33.523201133144475,0.14254650216615208,1.6107954545454546,178,COUPON/MISC ITEMS,National,8.0
1824,156,2923.15,1326,800.8299999999999,8,18.738141025641028,0.2150468047626464,3.9290322580645163,145,SOFT DRINKS,National,4.0
1825,43,1831.84,99678,360.08000000000004,90,42.600930232558134,0.1642760684696522,12.642857142857142,91,COUPON/MISC ITEMS,National,1.0
1826,104,1784.74,1280,481.55999999999995,2,17.16096153846154,0.2124873141243436,5.825242718446602,115,FLUID MILK PRODUCTS,National,1.0
1827,36,570.27,268,105.15,23,15.840833333333332,0.15568090965621392,18.457142857142856,68,BAG SNACKS,National,0.0
1828,86,5813.77,10225,624.69,113,67.60197674418605,0.09702475436672744,6.670588235294118,156,BAG SNACKS,National,6.0
1829,312,6479.78,287646,888.25,9,20.76852564102564,0.12055461229120946,1.887459807073955,147,COUPON/MISC ITEMS,National,3.0
1830,1,39.440000000000005,10,10.19,614,39.440000000000005,0.20531936328833364,0.0,7,CHICKEN,National,0.0
1831,158,5333.28,447771,974.3699999999999,4,33.75493670886076,0.1544743287912297,3.662420382165605,161,COUPON/MISC ITEMS,National,7.0
1832,52,1291.04,682,267.01,11,24.827692307692306,0.17137447450338564,11.392156862745098,107,CANDY - PACKAGED,National,1.0
1833,80,2876.03,6461,812.93,4,35.950375,0.22036834229701593,8.39240506329114,131,BEEF,National,7.0
1834,135,3769.5,89945,758.72,24,27.92222222222222,0.16755369659601344,4.291044776119403,147,COUPON/MISC ITEMS,National,5.0
1835,301,10483.45,777694,1390.6599999999999,2,34.82873754152824,0.11711698813637399,2.23,200,COUPON/MISC ITEMS,National,11.0
1836,89,2858.1,103993,274.94,0,32.113483146067416,0.0877550238745755,7.056818181818182,133,CAT LITTER,National,6.0
1837,155,7315.22,233096,933.96,0,47.194967741935486,0.11321852596258053,3.948051948051948,132,DOMESTIC WINE,National,5.0
1838,32,1162.87,544,405.72,6,36.3396875,0.2586526753326236,18.419354838709676,88,SOFT DRINKS,National,0.0
1839,93,1668.19,979,166.55,4,17.93752688172043,0.09077580474617658,6.108695652173913,57,FRZN MEAT/MEAT DINNERS,National,1.0
1840,37,337.21,209,23.97,127,9.113783783783783,0.06636580098565813,12.916666666666666,50,VEGETABLES SALAD,National,1.0
1841,31,2292.57,985,280.69,9,73.95387096774193,0.10907953335457746,19.233333333333334,103,BAKED BREAD/BUNS/ROLLS,National,1.0
1842,18,879.53,336,85.27,28,48.86277777777778,0.08838101160862355,31.823529411764707,75,CHICKEN/POULTRY,National,0.0
1843,42,770.15,246,101.24,1,18.336904761904762,0.11618219167077887,16.585365853658537,66,INFANT FORMULA,National,0.0
1844,77,1358.02,564,91.38,3,17.636623376623376,0.06304677797709396,7.684210526315789,111,BEEF,National,0.0
1845,144,12000.11,15709,1445.96,12,83.33409722222223,0.10753774151108837,4.3426573426573425,195,BERRIES,National,10.0
1846,22,628.71,319,282.84,8,28.577727272727273,0.31028467994076026,27.38095238095238,63,SOFT DRINKS,National,0.0
1847,99,2467.2200000000003,22693,529.29,0,24.921414141414143,0.17663548594865358,5.938775510204081,122,BACON,National,2.0
1848,103,10211.58,278884,710.5999999999999,3,99.14155339805825,0.06506027185049137,5.637254901960785,169,MAGAZINE,National,4.0
1849,157,2606.29,1461,742.1,0,16.600573248407642,0.22162890224854334,4.089743589743589,138,SALAD BAR,National,3.0
1850,216,6679.6,643986,626.19,0,30.924074074074074,0.08571146994370218,2.6325581395348836,189,COUPON/MISC ITEMS,National,3.0
1851,40,1215.32,483,247.63,44,30.383,0.16926757578864624,15.871794871794872,114,SOFT DRINKS,National,0.0
1852,316,9700.06,900693,1250.96,29,30.69639240506329,0.1142322815591607,2.041269841269841,214,COUPON/MISC ITEMS,National,8.0
1853,32,234.46,86,21.45,63,7.326875,0.08381852995193623,18.612903225806452,38,BEERS/ALES,National,0.0
1854,260,7259.56,487402,757.41,4,27.921384615384618,0.0944758431177864,2.451737451737452,187,COUPON/MISC ITEMS,National,5.0
1855,10,226.81,15945,17.69,53,22.681,0.0723517382413088,63.55555555555556,23,SMOKING CESSATIONS,National,0.0
1856,443,4354.04,11513,688.02,0,9.828532731376976,0.1364561310258109,1.506787330316742,185,BEERS/ALES,National,8.0
1857,80,1753.5,90154,245.61,8,21.91875,0.12285967255428666,8.189873417721518,105,COUPON/MISC ITEMS,National,1.0
1858,64,2792.16,1154,429.28,5,43.6275,0.1332571769146717,9.253968253968255,98,SUSHI,National,2.0
1859,32,1605.8600000000001,557,175.71,23,50.183125000000004,0.09862649236347715,17.903225806451612,97,DIETARY AID PRODUCTS,National,1.0
1860,58,753.42,27441,174.60000000000002,54,12.990000000000002,0.18814249692894552,9.350877192982455,87,COUPON/MISC ITEMS,National,1.0
1861,118,1733.51,1071,400.46999999999997,1,14.690762711864407,0.18766342702368344,5.769230769230769,116,SOFT DRINKS,National,5.0
1862,139,2152.96,116525,402.27,0,15.488920863309353,0.15743005522007802,4.420289855072464,122,SOFT DRINKS,National,5.0
1863,14,411.45,157,111.51,214,29.389285714285712,0.2132285452042221,35.15384615384615,37,PREPAID WIRELESS&ACCESSORIES,National,0.0
1864,155,16333.36,447979,1413.5299999999997,1,105.37651612903227,0.07964944843857148,3.75974025974026,172,COUPON/MISC ITEMS,National,5.0
1865,157,6407.32,2624,524.71,3,40.81095541401274,0.07569355585593254,4.2243589743589745,172,COFFEE,National,8.0
1866,15,159.05,106,42.05,33,10.603333333333333,0.20909995027349573,39.0,24,YOGURT,National,0.0
1867,74,1047.06,62248,396.81000000000006,2,14.14945945945946,0.2748239107398866,8.301369863013699,72,COUPON/MISC ITEMS,National,0.0
1868,36,676.96,10147,240.85999999999999,7,18.804444444444446,0.2624261837833126,18.4,71,SOFT DRINKS,National,0.0
1869,116,3581.66,37530,981.71,2,30.876379310344827,0.21512829334461156,5.278260869565218,158,COUPON/MISC ITEMS,National,7.0
1870,36,293.61,176,91.32,30,8.155833333333334,0.23723793936559892,17.142857142857142,31,FLUID MILK PRODUCTS,Private,0.0
1871,17,451.69,199,41.19,29,26.57,0.08357003733160201,35.6875,45,REFRIGERATED,National,0.0
1872,155,3602.93,171506,455.78,1,23.24470967741936,0.11229676424282592,4.1103896103896105,154,COUPON/MISC ITEMS,National,8.0
1873,263,5608.4,386619,904.49,12,21.32471482889734,0.13887690410862152,2.4656488549618323,150,COUPON/MISC ITEMS,National,9.0
1874,32,752.64,70409,137.57999999999998,45,23.52,0.15454606726427172,17.0,92,COUPON/MISC ITEMS,National,0.0
1875,39,819.25,94592,116.25,24,21.006410256410255,0.12426509887760556,15.447368421052632,69,COUPON/MISC ITEMS,National,0.0
1876,4,82.21000000000001,13826,6.359999999999999,4,20.552500000000002,0.07180760980015806,201.33333333333334,10,CIGARETTES,National,0.0
1877,62,1914.8,775,409.42,6,30.883870967741935,0.1761537203879151,10.557377049180328,99,FROZEN PIZZA,National,1.0
1878,28,400.91,212,71.14,133,14.318214285714287,0.1507043745365957,20.074074074074073,62,CHEESE,National,0.0
1879,271,4816.22,3020,796.0699999999999,3,17.772029520295202,0.14184406008955344,2.1592592592592594,99,SOFT DRINKS,National,3.0
1880,32,603.08,394,151.8,6,18.84625,0.201091564222128,19.70967741935484,73,BEERS/ALES,National,0.0
1881,114,2782.79,296223,291.17999999999995,4,24.41043859649123,0.09472441175418106,5.079646017699115,101,COUPON/MISC ITEMS,National,2.0
1882,26,405.54,167,67.65,4,15.59769230769231,0.14296582768021301,24.56,52,REFRGRATD JUICES/DRNKS,National,0.0
1883,124,2432.4700000000003,13818,488.26,2,19.616693548387094,0.16717053613309,5.203252032520325,141,SOFT DRINKS,National,6.0
1884,27,516.55,6968,55.27,18,19.13148148148148,0.0966562904410479,22.615384615384617,65,CAKES,National,0.0
1885,12,240.69,66583,6.039999999999999,11,20.0575,0.024480201029465406,50.54545454545455,22,COUPON/MISC ITEMS,Private,0.0
1886,30,406.25,174,55.5,5,13.541666666666666,0.12019491066594477,22.896551724137932,69,BEERS/ALES,National,0.0
1887,84,845.3100000000001,412,206.93,7,10.063214285714286,0.19665665627613474,7.746987951807229,59,HAIR CARE PRODUCTS,National,1.0
1888,11,135.61,4609,16.329999999999995,160,12.32818181818182,0.10747663551401866,45.4,39,FLUID MILK PRODUCTS,National,0.0
1889,43,1734.44,37069,258.11,0,40.335813953488376,0.12953752728915208,13.952380952380953,124,BEEF,National,2.0
1890,47,1809.91,689,199.17000000000002,10,38.50872340425532,0.09913492742947021,12.847826086956522,109,DELI MEATS,National,1.0
1891,34,1249.09,513,220.27999999999997,0,36.73794117647059,0.14991458924573114,17.818181818181817,81,BEEF,National,0.0
1892,302,5473.84,137174,1265.21,1,18.125298013245033,0.18774307951417485,1.910299003322259,162,BEEF,National,7.0
1893,12,254.72,73796,14.17,21,21.226666666666667,0.05269812934657295,52.0,13,COUPON/MISC ITEMS,Private,0.0
1894,42,2335.47,48857,371.92,25,55.606428571428566,0.13737215547076706,13.585365853658537,117,BEERS/ALES,National,2.0
1895,49,927.5600000000001,272,164.74,9,18.929795918367347,0.15081937196740822,13.125,72,BEEF,National,2.0
1896,121,3159.56,29126,584.81,0,26.11206611570248,0.15618381730437964,5.075,174,COUPON/MISC ITEMS,National,1.0
1897,1,19.58,5,0.98,614,19.58,0.04766536964980545,0.0,5,BEERS/ALES,National,0.0
1898,38,507.01,327,194.67000000000002,0,13.342368421052631,0.2774341580207502,15.864864864864865,45,FRZN MEAT/MEAT DINNERS,National,0.0
1899,66,10832.9,13816,1804.2,13,164.13484848484848,0.14277009756985384,10.0,150,FRZN MEAT/MEAT DINNERS,National,12.0
1900,53,8054.82,2565,835.53,5,151.9777358490566,0.09398167676188225,10.903846153846153,174,COFFEE,National,2.0
1901,815,11141.82,42355,1738.4299999999998,0,13.670944785276074,0.13496865355874302,0.7641277641277642,235,PREPAID WIRELESS&ACCESSORIES,National,10.0
1902,20,1538.59,839,368.01,22,76.92949999999999,0.19301898667785589,31.57894736842105,118,MAGAZINE,National,0.0
1903,40,1152.32,31253,280.13,5,28.808,0.1955600544521624,15.564102564102564,90,SOFT DRINKS,National,0.0
1904,27,304.26,4057,52.760000000000005,13,11.268888888888888,0.14777883591955635,23.423076923076923,55,CHARCOAL AND LIGHTER FLUID,National,0.0
1905,78,1680.07,20577,238.93,26,21.539358974358972,0.12450755601875978,8.38961038961039,125,TOMATOES,National,3.0
1906,155,8119.93,321236,1277.91,0,52.386645161290325,0.13597911860597756,3.75974025974026,179,COUPON/MISC ITEMS,National,7.0
1907,354,8234.93,406973,1550.29,0,23.262514124293787,0.15843179816089978,1.6288951841359773,185,COUPON/MISC ITEMS,National,9.0
1908,38,714.3100000000001,284,114.69,95,18.79763157894737,0.13834740651387215,14.135135135135135,63,FRZN NOVELTIES/WTR ICE,National,0.0
1909,22,546.99,288,89.93,10,24.86318181818182,0.14119512654650504,28.571428571428573,53,BEEF,National,0.0
1910,26,741.83,225,84.94999999999999,69,28.53192307692308,0.10274801035341928,23.68,61,HEAT/SERVE,National,0.0
1911,122,1589.75,233897,215.98,0,13.030737704918034,0.11960813632159846,4.735537190082645,93,COUPON/MISC ITEMS,Private,3.0
1912,95,2241.47,1459,371.76,5,23.594421052631578,0.14226072714609891,6.382978723404255,103,SOUP,National,2.0
1913,46,804.63,3714,197.98000000000002,93,17.49195652173913,0.19746461734871987,13.044444444444444,66,PREPAID WIRELESS&ACCESSORIES,National,0.0
1914,152,3928.02,1346,280.82000000000005,0,25.84223684210526,0.06672147194951579,4.291390728476821,102,MAGAZINE,National,7.0
1915,27,471.12,56566,38.510000000000005,161,17.448888888888888,0.07556462531640604,16.653846153846153,66,COUPON/MISC ITEMS,National,0.0
1916,148,2848.42,9263,530.39,0,19.24608108108108,0.15697538482483478,4.639455782312925,150,CHICKEN,National,7.0
1917,281,6611.91,3324,1130.25,2,23.529928825622775,0.14598639139464956,2.4035714285714285,171,DIETARY AID PRODUCTS,National,14.0
1918,65,2958.91,94919,578.8699999999999,10,45.521692307692305,0.1636252112906964,9.15625,134,COUPON/MISC ITEMS,National,2.0
1919,98,3989.78,209541,840.94,0,40.712040816326535,0.17408171038685744,6.536082474226804,140,COUPON/MISC ITEMS,National,7.0
1920,84,1808.07,623,177.2,3,21.524642857142858,0.08925738060817924,6.9397590361445785,125,FRZN MEAT/MEAT DINNERS,National,4.0
1921,103,1460.12,50987,594.3399999999999,36,14.175922330097086,0.2892925634960038,5.313725490196078,93,BEEF,National,2.0
1922,109,2971.44,53325,291.93,1,27.26091743119266,0.0894566046755348,5.768518518518518,145,COUPON/MISC ITEMS,National,4.0
1923,162,4639.42,516927,421.94,1,28.638395061728396,0.08336494539017182,3.919254658385093,157,COUPON/MISC ITEMS,National,6.0
1924,212,5665.33,52061,1076.9,1,26.72325471698113,0.1597246015042501,2.7109004739336493,171,SOFT DRINKS,National,8.0
1925,118,3019.2,112990,259.95000000000005,15,25.5864406779661,0.07927359224189198,5.162393162393163,147,COUPON/MISC ITEMS,National,2.0
1926,68,2086.36,50570,824.24,2,30.681764705882355,0.2831855974713117,8.626865671641792,83,BEEF,National,0.0
1927,93,4882.13,2393,855.23,0,52.49602150537635,0.14906333226431667,6.521739130434782,151,BEEF,National,4.0
1928,110,2263.66,81899,571.47,7,20.57872727272727,0.20156747662364688,5.908256880733945,120,SOFT DRINKS,National,5.0
1929,57,4058.78,2000,714.5899999999999,20,71.20666666666666,0.14970345898180948,11.767857142857142,136,PORK,National,5.0
1930,180,2625.63,1154,397.94,7,14.586833333333335,0.13161263010282545,3.2513966480446927,132,FRZN NOVELTIES/WTR ICE,National,5.0
1931,101,2211.08,1060,638.62,0,21.891881188118813,0.22410078253851284,6.23,99,BEEF,National,3.0
1932,72,2666.51,238419,347.1,18,37.03486111111111,0.11517747817401722,8.915492957746478,110,COUPON/MISC ITEMS,National,1.0
1933,81,2103.3,104567,372.76,37,25.96666666666667,0.15054562490408147,7.625,126,COUPON/MISC ITEMS,National,2.0
1934,15,542.87,14405,136.16,134,36.19133333333333,0.20052133189991606,37.285714285714285,77,COUPON/MISC ITEMS,National,0.0
1935,167,11870.88,1087215,883.5699999999999,0,71.08311377245509,0.06927542935994888,3.427710843373494,155,COUPON/MISC ITEMS,National,6.0
1936,461,4995.12,225810,769.26,11,10.835401301518438,0.1334506052689101,1.391304347826087,157,SOFT DRINKS,National,7.0
1937,151,6474.99,26811,1035.7,4,42.88072847682119,0.13789678444989742,4.266666666666667,179,REFRGRATD JUICES/DRNKS,National,6.0
1938,26,917.25,277,107.37,32,35.27884615384615,0.10479006851320491,23.44,72,FRZN NOVELTIES/WTR ICE,National,0.0
1939,71,3403.9,218559,628.71,3,47.94225352112676,0.15590647248308168,9.442857142857143,146,COUPON/MISC ITEMS,National,4.0
1940,73,2317.58,1394,337.11,4,31.747671232876712,0.1269865784705559,8.847222222222221,134,SEAFOOD-FRESH,National,2.0
1941,125,682.68,7270,166.42000000000002,4,5.46144,0.19599576021670007,4.75,64,SOFT DRINKS,National,2.0
1942,141,2996.03,34958,299.01,1,21.24843971631206,0.09074548412158881,4.142857142857143,163,SOFT DRINKS,National,2.0
1943,203,4904.91,113792,822.87,0,24.162118226600985,0.14366298984947048,3.3267326732673266,142,DIAPERS & DISPOSABLES,National,11.0
1944,172,10351.44,667334,1227.3,1,60.18279069767442,0.1059959892008975,3.4678362573099415,175,COUPON/MISC ITEMS,National,12.0
1945,18,887.62,408,120.98,14,49.312222222222225,0.1199484433868729,36.411764705882355,76,COLD CEREAL,National,0.0
1946,46,3170.65,20524,568.24,6,68.92717391304348,0.15198093551829553,14.511111111111111,113,SOFT DRINKS,National,2.0
1947,84,6826.97,40987,901.35,1,81.27345238095238,0.11662948739182642,6.843373493975903,151,CHEESES,National,8.0
1948,77,1471.52,893,263.88,0,19.11064935064935,0.1520571626138066,7.828947368421052,121,ICE CREAM/MILK/SHERBTS,National,1.0
1949,50,1621.13,756,347.31,12,32.4226,0.176439210745565,12.040816326530612,118,BEERS/ALES,National,1.0
1950,31,746.74,409,176.5,7,24.088387096774195,0.19117455916121484,20.7,91,DELI MEATS,National,1.0
1951,18,561.48,177,84.44999999999999,6,31.193333333333335,0.13074172123914354,38.23529411764706,70,INFANT FORMULA,National,0.0
1952,30,679.85,68872,166.61,3,22.66166666666667,0.19683151005363514,20.655172413793103,63,COUPON/MISC ITEMS,National,0.0
1953,105,2599.6,1065,399.99,5,24.758095238095237,0.13334822425731516,5.8173076923076925,112,CHICKEN,National,2.0
1954,143,1965.65,11570,266.69,0,13.745804195804196,0.1194665687126513,4.619718309859155,108,CHICKEN,National,7.0
1955,155,7530.7300000000005,248347,1168.13,3,48.585354838709684,0.13428541211147207,4.318181818181818,150,COUPON/MISC ITEMS,National,11.0
1956,53,1994.89,674,321.53,1,37.63943396226415,0.13880470726379499,12.307692307692308,115,SOFT DRINKS,National,0.0
1957,43,1946.53,760,294.54999999999995,13,45.26813953488372,0.13143216663394433,15.166666666666666,113,SOFT DRINKS,National,2.0
1958,32,834.5,493,156.15,18,26.078125,0.15762378236511382,19.516129032258064,108,CHEESE,National,0.0
1959,104,5592.54,457162,1096.1599999999999,12,53.77442307692308,0.16388236877121112,5.844660194174757,142,COUPON/MISC ITEMS,National,3.0
1960,90,2548.31,259222,648.8700000000001,3,28.314555555555554,0.20295072532669417,6.752808988764045,90,COUPON/MISC ITEMS,National,0.0
1961,89,1627.11,742,288.86,0,18.282134831460674,0.15076436478650504,7.386363636363637,114,NO COMMODITY DESCRIPTION,National,3.0
1962,122,3205.57,163924,321.75,3,26.27516393442623,0.09121656101516165,5.0,140,COUPON/MISC ITEMS,National,2.0
1963,48,2387.58,5566,393.96,2,49.74125,0.14163377122025927,12.97872340425532,125,SOFT DRINKS,National,2.0
1964,64,1913.71,1109,407.67,0,29.90171875,0.1756153667215191,9.015873015873016,128,FRZN MEAT/MEAT DINNERS,National,1.0
1965,159,4034.08,554835,642.48,9,25.371572327044024,0.13738303368287802,3.5759493670886076,128,COUPON/MISC ITEMS,Private,7.0
1966,120,4997.3,10826,961.19,10,41.64416666666667,0.16131435984620265,4.6722689075630255,177,REFRIGERATED,National,8.0
1967,69,1733.3600000000001,35270,259.81,1,25.121159420289853,0.1303501457477285,9.779411764705882,125,COUPON/MISC ITEMS,National,0.0
1968,82,2138.96,6052,403.28,4,26.08487804878049,0.1586317578198754,7.567901234567901,122,SOUP,National,3.0
1969,222,2166.88,1348,649.35,1,9.760720720720721,0.2305742073623248,2.733031674208145,108,SOFT DRINKS,National,3.0
1970,66,1076.72,9104,220.85,8,16.313939393939393,0.17020276362739584,9.353846153846154,80,DIAPERS & DISPOSABLES,National,1.0
1971,152,5288.86,421970,731.3599999999999,2,34.79513157894737,0.12148393248087279,4.344370860927152,150,COUPON/MISC ITEMS,National,5.0
1972,115,2129.0,17004,343.94999999999993,27,18.51304347826087,0.13908489860288317,4.728070175438597,146,SOFT DRINKS,National,3.0
1973,130,1683.55,418,155.13,97,12.950384615384616,0.08437030913481411,4.108527131782946,73,BEERS/ALES,National,0.0
1974,198,5266.0,237349,801.42,173,26.595959595959595,0.13208579593962508,2.4619289340101522,147,COUPON/MISC ITEMS,National,5.0
1975,348,17010.99,526062,1558.14,2,48.882155172413796,0.08391023165867222,1.8299711815561959,212,BEERS/ALES,National,14.0
1976,163,3387.09,1616,502.42999999999995,10,20.779693251533743,0.12917532240482116,3.7037037037037037,158,BEERS/ALES,National,7.0
1977,30,357.99,10179,94.41000000000001,43,11.933,0.2086870026525199,18.24137931034483,41,FUEL,National,0.0
1978,87,1434.44,64586,177.41000000000003,8,16.487816091954024,0.11006607314576419,7.488372093023256,111,COUPON/MISC ITEMS,National,6.0
1979,98,1115.54,26107,255.53999999999996,12,11.383061224489795,0.18637862123289667,6.494845360824742,77,SOFT DRINKS,National,3.0
1980,54,4443.15,110374,853.7,21,82.28055555555555,0.16117126216524919,11.622641509433961,155,COUPON/MISC ITEMS,National,1.0
1981,97,1385.41,721,468.5300000000001,2,14.282577319587629,0.2527212315393163,6.270833333333333,100,ICE CREAM/MILK/SHERBTS,National,1.0
1982,156,4087.66,353488,497.09000000000003,14,26.20294871794872,0.10842248759474345,3.6258064516129034,109,COUPON/MISC ITEMS,National,2.0
1983,35,2201.91,22658,292.57,7,62.91171428571428,0.1172869696289407,17.529411764705884,134,SOFT DRINKS,National,0.0
1984,3,38.94,22,12.26,38,12.979999999999999,0.23945312500000002,16.0,9,ANALGESICS,National,0.0
1985,146,7899.96,3024,1108.48,2,54.10931506849315,0.1230490517781103,4.413793103448276,169,DIAPERS & DISPOSABLES,National,12.0
1986,12,230.06,130,52.86,46,19.171666666666667,0.18683726848579102,51.45454545454545,58,VALUE ADDED FRUIT,National,0.0
1987,73,1927.97,1149,647.1800000000001,1,26.41054794520548,0.2513173989864668,8.0,147,YOGURT,National,1.0
1988,180,7458.83,391334,1250.1,7,41.43794444444445,0.14354231805744216,3.368715083798883,154,BEEF,National,1.0
1989,147,2954.71,117613,642.83,0,20.100068027210884,0.1786859909827271,4.157534246575342,110,COUPON/MISC ITEMS,National,3.0
1990,126,4327.69,445209,713.19,2,34.34674603174603,0.14148124930567682,4.776,125,COUPON/MISC ITEMS,National,3.0
1991,41,288.37,13636,35.269999999999996,3,7.033414634146341,0.10897911259424051,14.975,37,SOFT DRINKS,National,0.0
1992,29,516.38,199,99.02,56,17.806206896551725,0.16090347741306468,18.857142857142858,55,FRZN MEAT/MEAT DINNERS,National,0.0
1993,81,1335.94,62637,328.62,4,16.493086419753087,0.1974215408276061,7.3,113,COUPON/MISC ITEMS,National,1.0
1994,40,988.07,457,202.38,12,24.70175,0.17000294006468142,16.0,91,SALAD BAR,National,0.0
1995,140,14195.55,385995,2314.16,5,101.39678571428571,0.1401696335065849,4.028776978417266,220,COUPON/MISC ITEMS,National,11.0
1996,116,2591.44,814,329.1,8,22.34,0.11268464051168621,5.51304347826087,114,BEERS/ALES,National,2.0
1997,62,4107.87,117912,459.34,11,66.25596774193548,0.10057343542337663,9.852459016393443,147,COUPON/MISC ITEMS,National,4.0
1998,323,2351.76,1921,585.97,4,7.2809907120743045,0.1994635313660547,1.9037267080745341,87,SOFT DRINKS,National,5.0
1999,48,612.58,342,135.13,15,12.762083333333335,0.18072514745021465,11.76595744680851,68,DIAPERS & DISPOSABLES,National,0.0
2000,60,543.85,255,155.79999999999998,3,9.064166666666667,0.22268276995640676,10.677966101694915,65,SOFT DRINKS,National,0.0
2001,33,1143.36,57443,210.35000000000002,26,34.64727272727272,0.15538778615803978,19.53125,108,COUPON/MISC ITEMS,National,0.0
2002,62,2381.68,64743,655.8,20,38.4141935483871,0.2159026561491763,10.59016393442623,137,COUPON/MISC ITEMS,National,1.0
2003,38,1735.51,846,221.43,4,45.67131578947368,0.11315114413318753,17.405405405405407,130,SOFT DRINKS,National,0.0
2004,239,9412.37,4006,1344.1,1,39.38230125523013,0.12495735124999184,2.5756302521008405,162,BEEF,National,10.0
2005,51,1379.49,32237,319.53999999999996,17,27.048823529411766,0.18807201756296238,12.04,105,BEEF,National,0.0
2006,100,4347.76,63195,1058.1399999999999,0,43.4776,0.19573798997391736,6.686868686868687,144,SOFT DRINKS,National,5.0
2007,180,8408.74,638786,1179.54,0,46.71522222222222,0.12301893561723272,3.46927374301676,168,COUPON/MISC ITEMS,National,10.0
2008,65,2235.99,899,266.61,2,34.399846153846156,0.10653320546631505,10.515625,134,INFANT FORMULA,National,3.0
2009,33,1506.88,31504,294.22999999999996,367,45.663030303030304,0.16336037221491187,9.78125,111,CAT FOOD,National,1.0
2010,49,1280.8,657,211.20000000000002,4,26.13877551020408,0.1415549597855228,11.958333333333334,87,INFANT FORMULA,National,0.0
2011,101,1313.26,694,320.11,8,13.002574257425742,0.1959813147051801,6.18,61,FRZN MEAT/MEAT DINNERS,National,3.0
2012,286,8226.37,473972,1836.38,4,28.763531468531472,0.18249285732031503,2.1403508771929824,153,COUPON/MISC ITEMS,National,6.0
2013,93,1182.47,622,211.5,67,12.714731182795699,0.15172492951785188,6.141304347826087,126,CIGARETTES,National,2.0
2014,42,1378.49,747,243.03,7,32.82119047619047,0.14987789234792048,13.804878048780488,102,DIAPERS & DISPOSABLES,National,1.0
2015,119,6271.17,2252,930.8299999999999,0,52.69890756302521,0.12924604276589835,5.177966101694915,159,BEEF,National,6.0
2016,121,1661.52,1137,435.98,2,13.731570247933885,0.2078569725864124,5.325,116,BAG SNACKS,National,2.0
2017,156,6492.74,537484,1175.24,2,41.6201282051282,0.15326591879478038,3.9419354838709677,170,COUPON/MISC ITEMS,Private,7.0
2018,135,3685.06,1649,539.12,3,27.29674074074074,0.1276271371011652,5.044776119402985,150,CHICKEN/POULTRY,National,3.0
2019,319,12208.07,105952,2205.29,0,38.269811912225705,0.15300318593305098,1.8238993710691824,186,SOFT DRINKS,National,10.0
2020,243,8197.87,3618,1229.54,0,33.736090534979425,0.1304218231730666,2.5702479338842976,181,CANNED JUICES,National,6.0
2021,74,1313.53,607,286.18000000000006,11,17.750405405405406,0.17889492470510285,8.575342465753424,83,PREPAID WIRELESS&ACCESSORIES,National,1.0
2022,81,7428.95,71736,1000.4000000000001,1,91.71543209876543,0.11868056255820437,7.35,206,FROZEN MEAT,National,0.0
2023,100,1668.43,2624,460.71,1,16.6843,0.21638314061076303,5.94949494949495,70,SOFT DRINKS,National,0.0
2024,90,4457.56,200118,537.5,31,49.528444444444446,0.10760631503925878,6.584269662921348,162,COUPON/MISC ITEMS,National,5.0
2025,32,1095.22,140952,116.6,4,34.225625,0.0962189103992342,19.967741935483872,85,COUPON/MISC ITEMS,National,0.0
2026,18,1181.63,722,654.05,8,65.64611111111111,0.3562984833957988,33.588235294117645,86,CHICKEN,National,0.0
2027,130,1866.25,1010,499.06999999999994,0,14.35576923076923,0.21099470684727648,5.10077519379845,122,BEEF,National,4.0
2028,89,1939.31,5090,310.93,9,21.790000000000003,0.138176372298066,7.4772727272727275,98,FROZEN PIZZA,National,0.0
2029,45,1688.9,609,364.8,12,37.531111111111116,0.1776306179091396,12.840909090909092,90,SPRING/SUMMER SEASONAL,National,2.0
2030,85,2557.28,18920,447.1,1,30.085647058823533,0.14881606188298419,6.809523809523809,148,BAKED BREAD/BUNS/ROLLS,National,5.0
2031,15,306.37,196,52.900000000000006,0,20.424666666666667,0.14724302056948815,40.785714285714285,51,PORK,National,0.0
2032,58,1179.97,54875,133.07000000000002,6,20.344310344827587,0.10134497045025287,10.68421052631579,74,GIFT & FRUIT BASKETS,National,1.0
2033,103,2382.08,143200,216.34000000000003,5,23.126990291262135,0.08325828772869667,5.9411764705882355,131,COUPON/MISC ITEMS,National,1.0
2034,127,2879.5,198371,599.4300000000001,3,22.673228346456693,0.17230297821456597,4.841269841269841,115,COUPON/MISC ITEMS,National,2.0
2035,68,1077.8,658,293.72,41,15.85,0.2141565562295847,8.925373134328359,107,SOFT DRINKS,National,1.0
2036,46,3783.76,17744,380.22,0,82.25565217391303,0.09131167776982597,12.6,149,DIAPERS & DISPOSABLES,National,2.0
2037,94,1668.31,862,303.11,6,17.747978723404255,0.15375211776283085,6.236559139784946,111,SINUS AND ALLERGY,National,4.0
2038,54,1295.31,50606,251.17000000000002,2,23.987222222222222,0.16241399824116703,12.339622641509434,85,DIAPERS & DISPOSABLES,National,0.0
2039,56,1751.38,27091,434.15999999999997,0,31.274642857142858,0.19865113427345185,12.218181818181819,104,CAKES,National,1.0
2040,419,2933.21,139733,579.04,12,7.000501193317422,0.16486297957149973,1.4473684210526316,123,DIAPERS & DISPOSABLES,National,0.0
2041,140,5941.46,158195,971.12,4,42.439,0.14048589672741582,4.057553956834532,139,BEERS/ALES,National,3.0
2042,29,4809.05,33007,868.52,0,165.8293103448276,0.15297389552220406,22.535714285714285,128,FROZEN MEAT,National,4.0
2043,60,1588.64,10264,324.78,4,26.477333333333334,0.16973795612045445,9.88135593220339,116,BEEF,National,1.0
2044,48,1000.84,413,115.25999999999999,34,20.850833333333334,0.10327031627990324,13.74468085106383,92,COUPON/MISC ITEMS,National,2.0
2045,19,310.64,13893,33.800000000000004,86,16.349473684210526,0.09813029845546395,26.833333333333332,44,COUPON/MISC ITEMS,National,0.0
2046,46,623.39,16360,81.50999999999999,15,13.55195652173913,0.11563342318059298,13.511111111111111,75,CHICKEN/POULTRY,National,1.0
2047,117,4630.4,381793,777.74,7,39.57606837606837,0.14380914695255673,4.913793103448276,167,COUPON/MISC ITEMS,National,5.0
2048,46,1511.44,65546,181.92000000000002,13,32.85739130434783,0.10743137903340105,14.533333333333333,97,INFANT FORMULA,National,0.0
2049,34,870.2,345,164.74,2,25.594117647058823,0.15917830985371131,19.242424242424242,85,DOG FOODS,National,0.0
2050,150,4997.55,395693,962.6199999999999,2,33.317,0.161508816023704,4.456375838926174,155,COUPON/MISC ITEMS,National,5.0
2051,288,4923.16,250384,577.62,221,17.094305555555554,0.10500692629045336,1.5574912891986064,136,SOFT DRINKS,National,6.0
2052,6,131.83,68,40.38,92,21.971666666666668,0.23448115672725162,118.0,30,BEERS/ALES,National,0.0
2053,162,3289.88,44540,612.05,25,20.3079012345679,0.1568582727009454,3.4472049689440993,132,SOFT DRINKS,National,5.0
2054,24,184.36,97,137.86000000000004,101,7.6816666666666675,0.4278443299608964,23.52173913043478,28,PORK,National,0.0
2055,121,2134.14,31913,279.37,2,17.637520661157023,0.11575257612357108,4.758333333333334,120,BEERS/ALES,National,3.0
2056,106,2438.43,923,410.44,7,23.004056603773584,0.14407115803809933,5.561904761904762,138,DIAPERS & DISPOSABLES,National,3.0
2057,118,2934.48,281698,672.9300000000001,6,24.868474576271186,0.18654103636681166,4.914529914529915,134,COUPON/MISC ITEMS,Private,2.0
2058,162,5728.01,138691,511.09,6,35.358086419753086,0.08191726370790658,4.15527950310559,172,COUPON/MISC ITEMS,National,7.0
2059,48,2094.37,1045,453.81000000000006,7,43.63270833333333,0.17809181454999257,12.425531914893616,140,BEEF,National,1.0
2060,31,623.4,31536,57.309999999999995,0,20.10967741935484,0.08419150592763439,19.333333333333332,48,SOFT DRINKS,National,0.0
2061,18,226.71,97,40.93,38,12.595,0.15292930802570617,32.411764705882355,44,SOFT DRINKS,National,0.0
2062,217,5283.76,54559,1629.6499999999999,10,24.349124423963136,0.2357230368226389,2.935185185185185,174,BEEF,National,6.0
2063,78,2530.04,1299,519.22,3,32.436410256410255,0.17027737877386645,8.233766233766234,103,BEEF,National,2.0
2064,256,5070.2,22282,567.0,1,19.80546875,0.10058184914496558,2.623529411764706,176,BEERS/ALES,National,3.0
2065,82,3075.37,1280,601.71,0,37.50451219512195,0.16363799536588816,7.654320987654321,124,BEEF,National,3.0
2066,111,2137.64,19029,565.19,107,19.258018018018017,0.20911045089776273,4.6454545454545455,111,SOFT DRINKS,National,5.0
2067,5,108.65,71,14.950000000000001,538,21.73,0.12095469255663431,12.0,33,MEAT - MISC,National,0.0
2068,107,2514.26,32997,709.87,1,23.497757009345797,0.22017412449249874,5.688679245283019,146,FLUID MILK PRODUCTS,National,4.0
2069,85,1762.72,3218,263.02,42,20.737882352941178,0.12983897242489165,7.166666666666667,130,BEEF,National,3.0
2070,580,7889.57,122220,1849.0,0,13.602706896551723,0.18986360420472412,1.0207253886010363,191,SOFT DRINKS,National,7.0
2071,199,1655.35,721,354.28999999999996,2,8.318341708542713,0.17629525686192551,2.8585858585858586,100,DELI MEATS,National,2.0
2072,12,278.28,178,65.99000000000001,7,23.189999999999998,0.19168094809306652,53.09090909090909,52,DIAPERS & DISPOSABLES,National,0.0
2073,72,1697.23,114970,496.33000000000004,100,23.57263888888889,0.22626689035175698,7.28169014084507,83,COUPON/MISC ITEMS,National,0.0
2074,29,678.72,3941,147.29,38,23.404137931034484,0.17831503250565972,19.321428571428573,86,SOFT DRINKS,National,1.0
2075,142,4231.34,168956,861.1,1,29.798169014084507,0.16909379393768015,4.631205673758865,150,INFANT FORMULA,National,4.0
2076,238,7980.84,640500,1035.89,0,33.53294117647059,0.11488532982577943,2.6835443037974684,165,COUPON/MISC ITEMS,National,10.0
2077,106,1737.4,76566,186.63,8,16.39056603773585,0.09699952703440173,5.619047619047619,114,COUPON/MISC ITEMS,National,0.0
2078,88,2191.2,143166,366.43000000000006,20,24.9,0.14326935483240347,7.252873563218391,90,INFANT FORMULA,National,5.0
2079,118,4762.74,9768,717.05,8,40.362203389830505,0.1308535546070196,5.196581196581197,138,BEEF,National,7.0
2080,127,5533.17,77762,841.8399999999999,2,43.56826771653543,0.1320531261911746,4.865079365079365,123,NO COMMODITY DESCRIPTION,National,8.0
2081,35,921.84,492,191.22000000000003,4,26.338285714285714,0.17179666864319987,17.235294117647058,79,CIGARETTES,National,1.0
2082,178,4772.29,413584,949.5,2,26.81061797752809,0.16594457328912807,3.2994350282485874,150,COUPON/MISC ITEMS,National,5.0
2083,363,7802.41,346827,1141.24,0,21.494242424242422,0.12760338340610378,1.6740331491712708,175,COUPON/MISC ITEMS,National,6.0
2084,127,2875.9900000000002,150913,788.92,6,22.645590551181105,0.21526313060893715,4.579365079365079,138,COUPON/MISC ITEMS,National,3.0
2085,342,12362.06,412486,2771.5600000000004,1,36.14637426900585,0.18313926211970438,1.8416422287390029,203,COUPON/MISC ITEMS,National,8.0
2086,544,5679.78,19789,903.9399999999999,0,10.440772058823528,0.13729927761204913,1.1160220994475138,165,SOFT DRINKS,National,6.0
2087,222,7633.06,492763,1768.23,2,34.38315315315315,0.1880837629729537,2.9592760180995477,163,COUPON/MISC ITEMS,National,7.0
2088,103,4598.85,3102,914.1700000000001,1,44.6490291262136,0.16582018566956042,6.480392156862745,165,BEEF,National,10.0
2089,33,155.09,66,23.550000000000004,5,4.69969696969697,0.1318293775190327,21.03125,14,FLUID MILK PRODUCTS,Private,0.0
2090,52,1152.9,35820,294.8,7,22.17115384615385,0.20363334945085307,12.470588235294118,95,DOMESTIC WINE,National,0.0
2091,14,782.0600000000001,316,149.88,18,55.86142857142857,0.1608258042363242,44.61538461538461,83,BAKED BREAD/BUNS/ROLLS,National,0.0
2092,122,2290.54,162402,361.52,124,18.774918032786886,0.13631667458503954,3.768595041322314,110,COUPON/MISC ITEMS,National,3.0
2093,19,490.98,62652,89.57,22,25.841052631578947,0.15428472999741624,31.11111111111111,57,COUPON/MISC ITEMS,National,0.0
2094,74,2986.54,1617,682.97,3,40.358648648648646,0.18612021768574005,8.534246575342467,149,BEEF,National,2.0
2095,153,3485.31,73592,461.12,2,22.77980392156863,0.11684484458105174,4.4605263157894735,154,INFANT FORMULA,National,9.0
2096,26,1301.65,618,343.75,92,50.06346153846154,0.20891576516348606,19.84,90,BEEF,National,0.0
2097,202,8823.83,692236,1862.1100000000001,38,43.68232673267327,0.17425795016629328,3.0796019900497513,151,COUPON/MISC ITEMS,Private,6.0
2098,13,682.46,279,103.5,51,52.49692307692308,0.13168609089521094,49.833333333333336,76,BAG SNACKS,National,1.0
2099,50,672.83,52512,79.81,14,13.456600000000002,0.10604007227891156,13.142857142857142,62,COUPON/MISC ITEMS,National,1.0
2100,68,3028.55,23167,1217.37,14,44.5375,0.2867152466367713,8.343283582089553,114,BEEF,National,4.0
2101,8,330.48,134,50.72,6,41.31,0.13305351521511016,86.28571428571429,31,PET CARE SUPPLIES,National,0.0
2102,99,3315.27,1152,604.24,0,33.487575757575755,0.15416212740878324,6.877551020408164,131,BEEF,National,3.0
2103,28,321.66,151,49.4,121,11.487857142857143,0.1331321080148763,18.62962962962963,57,PIES,National,0.0
2104,29,494.57,15575,123.37,54,17.054137931034486,0.1996472149399618,22.107142857142858,69,PREPAID WIRELESS&ACCESSORIES,National,0.0
2105,33,889.75,4228,176.91000000000003,16,26.96212121212121,0.16585416158850994,20.78125,104,FLUID MILK PRODUCTS,National,0.0
2106,52,2807.03,134928,237.10000000000002,191,53.98134615384616,0.07788760663966388,8.862745098039216,140,COUPON/MISC ITEMS,National,0.0
2107,84,3334.07,1532,803.96,20,39.69130952380952,0.19428568666732718,7.120481927710843,124,FLUID MILK PRODUCTS,National,4.0
2108,128,1785.27,4301,493.02,4,13.947421875,0.21639914146135916,4.543307086614173,118,SOFT DRINKS,National,2.0
2109,114,2333.29,1155,461.66999999999996,0,20.467456140350876,0.1651794658957552,5.389380530973451,88,LUNCHMEAT,National,4.0
2110,216,12031.630000000001,284555,926.0400000000001,0,55.70199074074075,0.0714665522428029,3.1627906976744184,209,COUPON/MISC ITEMS,National,11.0
2111,121,2588.78,122099,1632.26,14,21.39487603305785,0.3866961696643481,5.416666666666667,111,FRZN MEAT/MEAT DINNERS,National,5.0
2112,124,4760.14,81848,1484.42,7,38.388225806451615,0.23771410635817414,5.308943089430894,157,BEEF,National,7.0
2113,59,1579.71,13649,256.8,20,26.774745762711866,0.13983043925706912,10.379310344827585,127,SOFT DRINKS,National,0.0
2114,154,3128.84,28761,430.53999999999996,5,20.31714285714286,0.12095926818715617,4.248366013071895,119,PREPARED FOOD,National,5.0
2115,309,14125.95,1860656,1438.54,0,45.71504854368932,0.09242448676442336,1.974025974025974,188,COUPON/MISC ITEMS,National,9.0
2116,214,11802.07,495579,1898.45,6,55.14985981308411,0.13856773319552834,3.1502347417840375,201,COUPON/MISC ITEMS,National,7.0
2117,62,1011.51,666,271.66,28,16.31467741935484,0.21171006180007326,8.918032786885245,105,SOFT DRINKS,National,4.0
2118,26,1099.4,24217,254.14,91,42.284615384615385,0.18775950470617786,19.08,89,BEEF,National,0.0
2119,41,2171.23,138569,808.24,7,52.95682926829269,0.2712697224674187,14.225,104,COUPON/MISC ITEMS,National,0.0
2120,62,1575.3700000000001,30222,217.12,0,25.409193548387098,0.12112759345937772,10.245901639344263,93,CANNED JUICES,National,0.0
2121,132,5139.9800000000005,466832,708.86,0,38.93924242424243,0.12119668173518168,4.358778625954199,182,COUPON/MISC ITEMS,National,4.0
2122,10,386.11,28738,58.30000000000001,18,38.611000000000004,0.13118516685043094,67.55555555555556,52,COUPON/MISC ITEMS,National,0.0
2123,55,4005.88,1704,833.33,9,72.83418181818182,0.17220372746791315,10.296296296296296,129,SOFT DRINKS,National,3.0
2124,229,7462.74,1059302,937.93,7,32.58838427947598,0.11164942796229348,2.9035087719298245,167,COUPON/MISC ITEMS,Private,8.0
2125,105,4409.32,457399,842.9200000000001,0,41.99352380952381,0.16048771571748438,6.0673076923076925,124,COUPON/MISC ITEMS,National,0.0
2126,123,4584.68,69079,625.06,14,37.27382113821138,0.11997911604033983,4.713114754098361,170,NON-DAIRY BEVERAGES,National,0.0
2127,23,1370.3,65516,393.57,41,59.57826086956521,0.22312868862217738,26.363636363636363,79,COUPON/MISC ITEMS,National,0.0
2128,80,1830.44,97568,164.13,170,22.8805,0.08228841304140741,5.417721518987341,96,INFANT FORMULA,National,2.0
2129,160,6886.19,377367,1147.37,9,43.038687499999995,0.14282211124333422,3.559748427672956,179,COUPON/MISC ITEMS,Private,8.0
2130,94,5788.63,34617,963.6999999999999,8,61.58117021276596,0.14272110515925612,6.139784946236559,176,BEEF,National,3.0
2131,139,3982.87,1730,672.99,1,28.653741007194245,0.14454687211385223,4.108695652173913,142,SOFT DRINKS,National,6.0
2132,40,560.72,276,91.14000000000001,0,14.018,0.13981529776332344,16.0,65,BAKED BREAD/BUNS/ROLLS,National,0.0
2133,137,6625.2300000000005,301626,729.71,1,48.35934306569344,0.09921358977775481,4.426470588235294,168,DOMESTIC WINE,National,7.0
2134,80,8779.55,13764,1550.89,14,109.74437499999999,0.15012816491843525,8.08860759493671,197,CAT FOOD,National,9.0
2135,45,779.29,4933,89.31,6,17.317555555555554,0.10282063090029935,13.318181818181818,80,DOG FOODS,National,0.0
2136,15,1350.38,495,156.31,0,90.02533333333334,0.10374396856685847,46.214285714285715,122,BEERS/ALES,National,0.0
2137,185,2963.56,232941,594.98,13,16.019243243243242,0.1671977833605917,3.255434782608696,142,COUPON/MISC ITEMS,Private,3.0
2138,65,1856.01,954,438.89000000000004,2,28.554,0.19124580591746917,8.953125,125,SOFT DRINKS,National,3.0
2139,365,4576.7,97791,555.38,3,12.53890410958904,0.10821733098470795,1.7005494505494505,155,FRZN MEAT/MEAT DINNERS,National,9.0
2140,51,1567.89,25199,219.54999999999995,31,30.74294117647059,0.1228292977666383,11.52,113,FLUID MILK PRODUCTS,National,0.0
2141,85,4918.63,2123,672.9599999999999,4,57.86623529411765,0.12035217174363641,8.035714285714286,134,MEAT - SHELF STABLE,National,8.0
2142,98,7182.5,28427,915.95,0,73.29081632653062,0.11310188986781422,6.360824742268041,136,SOFT DRINKS,National,5.0
2143,9,298.65,148,84.75,73,33.18333333333334,0.22104851330203446,74.5,48,BEEF,National,0.0
2144,49,2265.9,47316,358.96000000000004,41,46.24285714285715,0.13675396021121128,11.8125,119,BEEF,National,1.0
2145,37,1074.57,30230,102.4,26,29.04243243243243,0.08700306719797446,15.666666666666666,95,COUPON/MISC ITEMS,National,1.0
2146,52,1630.63,599,213.26999999999998,9,31.35826923076923,0.11566245457996636,12.980392156862745,92,FROZEN PIZZA,National,2.0
2147,89,5402.1,91562,1096.51,4,60.69775280898877,0.16872992840007323,6.375,150,COUPON/MISC ITEMS,National,4.0
2148,119,3099.12,11857,874.51,4,26.043025210084032,0.2200783666320216,5.296610169491525,111,SOFT DRINKS,National,5.0
2149,108,3642.58,365249,1205.73,0,33.72759259259259,0.24869078091128663,4.906542056074766,76,COUPON/MISC ITEMS,National,4.0
2150,8,69.32,56,15.31,92,8.665,0.18090511638898737,69.85714285714286,24,CIGARETTES,National,0.0
2151,39,446.82,275,93.67,16,11.456923076923077,0.1733057040833318,16.394736842105264,70,BEEF,National,0.0
2152,25,156.55,12677,30.990000000000002,56,6.2620000000000005,0.16524474778713874,24.791666666666668,31,COUPON/MISC ITEMS,Private,0.0
2153,39,855.5,9595,201.33,4,21.935897435897434,0.19050367608792335,15.868421052631579,90,FROZEN PIZZA,National,0.0
2154,114,2372.78,63821,732.87,0,20.813859649122808,0.23597958559399804,5.132743362831858,123,COUPON/MISC ITEMS,National,3.0
2155,11,313.83,168,78.31,13,28.530000000000005,0.19969908706074363,58.9,65,BEEF,National,0.0
2156,105,5744.02,356026,822.02,4,54.70495238095238,0.1251926579795432,5.8173076923076925,144,COUPON/MISC ITEMS,National,6.0
2157,12,390.7,272,224.98,85,32.55833333333333,0.3654170997920998,50.81818181818182,54,FROZEN PIZZA,National,0.0
2158,123,2859.68,370295,531.0,7,23.24943089430894,0.15660575459789777,4.770491803278689,123,COUPON/MISC ITEMS,Private,1.0
2159,115,1969.66,45207,378.94,0,17.127478260869566,0.16134718555735333,5.017543859649122,77,PORK,National,1.0
2160,56,741.37,225,259.54,0,13.23875,0.25930403332967,11.418181818181818,50,BEEF,National,0.0
2161,38,1842.23,166453,180.56,1,48.47973684210526,0.08926284982623012,17.513513513513512,113,COUPON/MISC ITEMS,National,1.0
2162,169,13258.7,653005,1122.5,1,78.45384615384616,0.07805329179762467,3.4761904761904763,168,CIGARETTES,National,7.0
2163,14,356.09999999999997,43,23.1,9,25.435714285714283,0.06091772151898735,47.92307692307692,11,LIQUOR,National,0.0
2164,40,1596.48,1034,697.8199999999999,283,39.912,0.3041537723924508,7.384615384615385,122,BEEF,National,3.0
2165,11,182.1,47,17.83,42,16.55454545454546,0.08918121342469863,62.3,28,CANDY - PACKAGED,National,0.0
2166,30,84.21,54,21.569999999999997,176,2.8070000000000004,0.20391378332387974,13.758620689655173,11,SOFT DRINKS,National,0.0
2167,72,1706.36,957,382.53,9,23.699444444444442,0.1831259664223583,7.830985915492958,111,CHEESE,National,8.0
2168,186,5365.4,2939,1646.21,0,28.846236559139783,0.23478345201743966,3.572972972972973,160,SOFT DRINKS,National,7.0
2169,37,777.56,32897,152.84,9,21.015135135135136,0.16427343078245918,15.777777777777779,91,COUPON/MISC ITEMS,National,0.0
2170,255,6053.9800000000005,182323,1299.73,2,23.74109803921569,0.1767447995637576,2.4291338582677167,162,DIAPERS & DISPOSABLES,National,10.0
2171,98,3738.95,22543,411.11,11,38.15255102040816,0.09906121839202327,5.845360824742268,148,CANNED JUICES,National,7.0
2172,93,2174.84,772,220.68,0,23.385376344086023,0.0921219609938552,6.163043478260869,128,BEERS/ALES,National,0.0
2173,83,2094.36,11102,448.19999999999993,1,25.233253012048195,0.1762790258636964,7.7073170731707314,110,FRZN MEAT/MEAT DINNERS,National,1.0
2174,39,644.33,454,161.23000000000002,3,16.521282051282054,0.20014648195044443,15.342105263157896,114,INFANT FORMULA,National,0.0
2175,17,610.22,194,101.81,12,35.89529411764706,0.14298554836172633,35.0,63,COFFEE,National,0.0
2176,195,2601.56,214961,487.72,1,13.341333333333333,0.15787497410399837,2.984536082474227,122,COUPON/MISC ITEMS,National,3.0
2177,3,133.5,53,32.26,75,44.5,0.19461872586872586,276.5,31,SOFT DRINKS,National,0.0
2178,151,3681.13,111403,466.08000000000004,73,24.378344370860926,0.11238398827163323,3.54,168,COUPON/MISC ITEMS,National,12.0
2179,42,1380.01,20784,236.24,6,32.85738095238095,0.14616550657385924,15.0,118,CIGARETTES,National,1.0
2180,44,936.39,465,186.64000000000001,55,21.28159090909091,0.16619324506023883,13.953488372093023,88,BEEF,National,0.0
2181,53,2867.56,960,354.77,10,54.104905660377355,0.11009735191616005,11.557692307692308,151,COUPON/MISC ITEMS,National,1.0
2182,83,1522.02,721,212.82,3,18.337590361445784,0.12267413709621637,7.975609756097561,89,SOFT DRINKS,National,4.0
2183,168,3967.9900000000002,418348,908.4200000000001,2,23.618988095238098,0.1862886836832834,3.4850299401197606,140,COUPON/MISC ITEMS,National,5.0
2184,253,4944.2300000000005,295582,645.24,2,19.54241106719368,0.11543849416849898,2.4603174603174605,170,COUPON/MISC ITEMS,National,5.0
2185,97,8195.69,181876,755.14,10,84.49164948453608,0.0843653605308111,6.9375,162,COUPON/MISC ITEMS,National,12.0
2186,105,5202.01,1913,715.33,2,49.542952380952386,0.12088708777930625,6.240384615384615,159,BEEF,National,5.0
2187,45,2657.21,1071,953.0,22,59.04911111111111,0.26397356386470594,13.545454545454545,103,BEEF,National,1.0
2188,121,3647.62,91902,601.82,3,30.145619834710743,0.1416233668436312,4.7,134,FLUID MILK PRODUCTS,National,5.0
2189,89,1309.91,116303,103.72,1,14.718089887640451,0.07337139138246924,6.943181818181818,57,COUPON/MISC ITEMS,National,0.0
2190,216,9143.73,951448,2128.65,0,42.33208333333333,0.1888376722573228,2.8232558139534882,182,COUPON/MISC ITEMS,National,8.0
2191,13,639.26,126,38.589999999999996,74,49.173846153846156,0.05692999926237367,47.333333333333336,64,SPRING/SUMMER SEASONAL,Private,0.0
2192,28,485.67,130,27.24,20,17.345357142857143,0.05310873252617418,24.444444444444443,47,BEERS/ALES,National,0.0
2193,112,8904.75,203528,1010.16,14,79.50669642857143,0.10188292178143826,5.918918918918919,215,COUPON/MISC ITEMS,National,10.0
2194,385,6918.32,367975,1056.77,1,17.96966233766234,0.1325088494299124,1.71875,160,COUPON/MISC ITEMS,National,12.0
2195,80,1148.43,32607,279.48,2,14.355375,0.19572662142572012,7.291139240506329,92,FRZN MEAT/MEAT DINNERS,National,0.0
2196,62,1111.8,10350,436.91999999999996,14,17.932258064516127,0.28211684487835115,9.295081967213115,86,SOFT DRINKS,National,0.0
2197,43,605.87,246,134.14,1,14.09,0.1812678207051256,14.595238095238095,67,SOFT DRINKS,National,0.0
2198,381,6722.01,287936,1055.44,1,17.643070866141734,0.13570514757407634,1.6605263157894736,174,COUPON/MISC ITEMS,National,4.0
2199,150,5444.77,415529,1020.22,0,36.29846666666667,0.1578068952929548,3.865771812080537,114,COUPON/MISC ITEMS,National,8.0
2200,190,8334.19,487840,2018.46,0,43.86415789473684,0.19497036990528993,3.5767195767195767,157,COUPON/MISC ITEMS,National,11.0
2201,2,27.509999999999998,12,7.93,611,13.754999999999999,0.22375846501128668,24.0,10,PIES,National,0.0
2202,17,312.74,9222,62.41,3,18.396470588235296,0.16636012261761962,35.5,52,CAT FOOD,National,0.0
2203,100,5014.38,99508,424.99,7,50.1438,0.07813221016404473,6.404040404040404,154,DOMESTIC WINE,National,5.0
2204,184,2514.38,54847,666.45,4,13.665108695652174,0.2095207854553686,3.1748633879781423,127,COUPON/MISC ITEMS,National,2.0
2205,100,1818.1100000000001,31908,464.79,7,18.1811,0.20359630294800474,6.747474747474747,122,DIAPERS & DISPOSABLES,National,4.0
2206,38,460.29,248,75.46000000000001,4,12.112894736842106,0.1408492767148857,17.0,62,FLUID MILK PRODUCTS,National,0.0
2207,370,4864.79,15425,989.87,5,13.14808108108108,0.16907386594610105,1.7886178861788617,189,CHICKEN,National,7.0
2208,191,9398.09,63930,1566.5100000000002,0,49.204659685863874,0.14286978093136093,3.4894736842105263,182,BEEF,National,10.0
2209,224,6656.83,608320,737.76,0,29.71799107142857,0.09977023743033758,2.713004484304933,189,COUPON/MISC ITEMS,National,6.0
2210,34,1727.97,775,275.06,35,50.82264705882353,0.1373219572347893,16.424242424242426,101,INFANT FORMULA,National,3.0
2211,66,1901.02,97142,299.95000000000005,2,28.803333333333335,0.13628082163773245,8.953846153846154,117,COUPON/MISC ITEMS,National,2.0
2212,46,251.33,196,49.230000000000004,4,5.4636956521739135,0.16379425073196702,12.555555555555555,14,FROZEN PIZZA,National,0.0
2213,54,3492.34,9058,529.31,4,64.67296296296297,0.1316151330921388,12.415094339622641,157,BEERS/ALES,National,3.0
2214,14,398.23,165,77.47000000000003,0,28.445,0.16285474038259412,44.0,53,CHEESES,National,0.0
2215,127,2289.7400000000002,996,453.92,0,18.029448818897638,0.16544324005160987,4.9523809523809526,108,SEAFOOD - FROZEN,National,5.0
2216,32,435.09,232,68.22999999999999,25,13.596562500000001,0.13555988238099023,17.806451612903224,62,FLUID MILK PRODUCTS,National,0.0
2217,188,4294.84,187344,1055.25,2,22.844893617021278,0.19723967260363845,3.2085561497326203,178,COUPON/MISC ITEMS,National,7.0
2218,18,860.03,501,306.74,20,47.779444444444444,0.2628967148623979,38.76470588235294,99,FROZEN PIZZA,National,0.0
2219,22,1044.63,374446,20.33,114,47.48318181818181,0.019089918870192304,23.285714285714285,18,COUPON/MISC ITEMS,Private,0.0
2220,12,215.58,19972,50.58,39,17.965,0.19003606853020738,55.0,27,COUPON/MISC ITEMS,National,0.0
2221,110,2214.75,1221,611.3399999999999,3,20.134090909090908,0.21632007473222717,5.256880733944954,113,FRZN MEAT/MEAT DINNERS,National,4.0
2222,38,2850.87,46015,555.5300000000001,11,75.0228947368421,0.1630841944574918,17.35135135135135,130,BEERS/ALES,National,2.0
2223,298,2059.76,1050,371.51,2,6.911946308724833,0.15280491265881616,2.259259259259259,117,SOFT DRINKS,National,3.0
2224,102,3827.51,1617,965.99,0,37.524607843137254,0.2015208094294357,6.653465346534653,135,FRZN MEAT/MEAT DINNERS,National,8.0
2225,96,3265.14,53926,371.55999999999995,4,34.011874999999996,0.1021695493166882,6.6421052631578945,145,CHEESE,National,5.0
2226,635,8741.17,559705,880.74,16,13.765622047244095,0.09153484079564245,0.8769716088328076,205,COUPON/MISC ITEMS,National,10.0
2227,173,4893.9,7326,1179.1,33,28.28843930635838,0.19415445414128107,3.2209302325581395,156,SOFT DRINKS,National,0.0
2228,201,5260.91,236974,647.36,14,26.1736815920398,0.10956845235576575,3.11,177,COUPON/MISC ITEMS,National,6.0
2229,52,2113.52,925,408.2,0,40.644615384615385,0.16187364180004124,11.568627450980392,137,SOFT DRINKS,National,0.0
2230,38,1195.65,502,115.28,21,31.464473684210528,0.08793757103735515,14.81081081081081,107,FITNESS&DIET,National,1.0
2231,88,4100.47,28013,450.29,1,46.596250000000005,0.09894830753544463,7.666666666666667,173,DIAPERS & DISPOSABLES,National,3.0
2232,33,1058.6200000000001,33805,277.46,27,32.079393939393945,0.20766720555655346,18.875,83,BAG SNACKS,National,0.0
2233,270,8149.86,562912,846.75,0,30.184666666666665,0.09411878474225291,2.2936802973977697,202,COUPON/MISC ITEMS,National,11.0
2234,181,7525.15,348629,1220.06,1,41.575414364640885,0.13951180131752125,3.4611111111111112,152,COUPON/MISC ITEMS,National,4.0
2235,86,3685.01,168338,424.51,0,42.848953488372096,0.10329916875936848,6.776470588235294,154,COUPON/MISC ITEMS,National,5.0
2236,217,2869.84,204158,379.27,24,13.225069124423964,0.11673042771712867,2.5324074074074074,124,COUPON/MISC ITEMS,National,6.0
2237,152,4781.78,216767,1108.3200000000002,1,31.45907894736842,0.18816658460807117,4.105960264900662,131,BEERS/ALES,National,6.0
2238,176,2383.97,1350,387.15,2,13.54528409090909,0.1397088541817027,3.2914285714285714,126,FRZN MEAT/MEAT DINNERS,National,3.0
2239,41,1670.66,19015,441.14,13,40.747804878048775,0.2088928875840515,14.6,110,FLUID MILK PRODUCTS,National,1.0
2240,206,5081.7,9794,929.12,5,24.668446601941746,0.1545745838338197,3.175609756097561,130,INFANT FORMULA,National,10.0
2241,72,1458.67,11369,448.53000000000003,2,20.259305555555557,0.23517722315436243,8.830985915492958,108,LUNCHMEAT,National,1.0
2242,109,1004.18,5157,273.86,26,9.212660550458715,0.21428124315357894,5.435185185185185,126,SOFT DRINKS,National,0.0
2243,42,3745.84,1493,781.55,0,89.18666666666667,0.17262705443975446,14.390243902439025,124,BEEF,National,2.0
2244,302,5053.7300000000005,31262,1283.46,1,16.734205298013247,0.20252824990255933,2.132890365448505,150,SOFT DRINKS,National,9.0
2245,155,4057.47,146094,478.0,0,26.177225806451613,0.10539150297543586,3.9025974025974026,158,COUPON/MISC ITEMS,National,5.0
2246,5,321.35,103,35.81,231,64.27000000000001,0.10026318736700639,97.0,39,IMPORTED WINE,National,0.0
2247,84,3833.7400000000002,1416,716.0500000000001,0,45.639761904761905,0.15738089010701595,8.108433734939759,131,BEEF,National,1.0
2248,24,848.53,376,126.10999999999999,27,35.35541666666666,0.12939136501682671,26.47826086956522,94,FRZN MEAT/MEAT DINNERS,National,1.0
2249,3,181.51,81,33.51,378,60.50333333333333,0.15584596781694726,112.0,44,CHICKEN/POULTRY,National,0.0
2250,63,2234.65,100152,785.31,1,35.47063492063492,0.26003986807772284,9.387096774193548,92,COUPON/MISC ITEMS,National,1.0
2251,26,2022.54,961,445.82,21,77.78999999999999,0.18061384887131535,25.16,104,BABY FOODS,National,1.0
2252,318,8858.53,599015,2393.3999999999996,0,27.857012578616356,0.21271017505441284,2.1198738170347005,191,COUPON/MISC ITEMS,Private,1.0
2253,26,387.14,36091,96.78,0,14.889999999999999,0.19999173417093735,24.64,60,COUPON/MISC ITEMS,Private,0.0
2254,80,1270.35,60411,209.69,114,15.879375000000001,0.1416786032809924,6.468354430379747,125,COUPON/MISC ITEMS,National,2.0
2255,21,570.03,15472,116.6,34,27.14428571428571,0.1698148930282685,29.05,60,DOG FOODS,National,0.0
2256,29,1453.4,60153,185.06,13,50.11724137931035,0.11294752389438863,20.0,106,COUPON/MISC ITEMS,National,0.0
2257,71,724.52,209,33.0,0,10.204507042253521,0.043563206251980145,9.614285714285714,27,COLD CEREAL,National,0.0
2258,43,1361.59,520,192.95,3,31.66488372093023,0.12412031855082532,15.476190476190476,119,FRZN MEAT/MEAT DINNERS,National,1.0
2259,5,142.86,7772,35.6,7,28.572000000000003,0.19948447831446822,145.0,35,COUPON/MISC ITEMS,National,0.0
2260,129,7250.47,716112,814.52,1,56.20519379844961,0.10099454556050287,4.90625,142,COUPON/MISC ITEMS,National,4.0
2261,416,12830.63,953256,1630.6799999999998,0,30.842860576923076,0.11276156862690861,1.3855421686746987,175,COUPON/MISC ITEMS,National,8.0
2262,141,1379.39,27070,178.09,1,9.78290780141844,0.11434496751162133,4.578571428571428,106,REFRGRATD JUICES/DRNKS,National,7.0
2263,440,5487.13,12420,1012.43,13,12.47075,0.15576900590193796,1.510250569476082,187,BEEF,National,7.0
2264,302,16212.5,27088,2337.17,0,53.68377483443709,0.12599523333838286,1.8870431893687707,215,DOMESTIC WINE,National,9.0
2265,3,77.44,7170,5.449999999999999,611,25.813333333333333,0.0657497888768247,8.5,17,MAKEUP AND TREATMENT,National,0.0
2266,143,8428.66,339527,1015.49,4,58.94167832167832,0.10752582286388929,4.253521126760563,193,COUPON/MISC ITEMS,National,7.0
2267,60,2046.44,44319,361.86,0,34.10733333333334,0.15025536685628865,10.135593220338983,113,TURKEY,National,0.0
2268,23,668.96,15491,105.09,25,29.08521739130435,0.13576642335766423,24.954545454545453,76,BEEF,National,0.0
2269,198,3132.03,12416,1150.5900000000001,0,15.818333333333335,0.2686649761127534,2.934010152284264,110,BEEF,National,4.0
2270,304,4586.21,14302,1259.29,2,15.086217105263158,0.21542896244974766,1.9933993399339933,166,BEEF,National,10.0
2271,46,361.88,265,174.14,5,7.86695652173913,0.32487593746501997,12.488888888888889,51,FLUID MILK PRODUCTS,National,0.0
2272,67,1962.5,658,239.64,5,29.291044776119403,0.10882141916499405,9.424242424242424,94,LAXATIVES,National,0.0
2273,50,1518.44,679,205.63,3,30.3688,0.11927009924191012,11.938775510204081,105,REFRGRATD JUICES/DRNKS,National,1.0
2274,64,6558.87,119415,1259.9299999999998,1,102.48234375,0.16114109582033048,10.301587301587302,163,BEEF,National,6.0
2275,128,2527.05,1257,586.47,2,19.742578125,0.18836236799506667,4.7952755905511815,149,BEEF,National,3.0
2276,31,1007.97,548,218.29,9,32.51516129032258,0.1780128194673234,19.266666666666666,103,FRZN MEAT/MEAT DINNERS,National,0.0
2277,123,3683.63,2147,944.8500000000001,6,29.948211382113822,0.20413829162057523,5.016393442622951,149,SOFT DRINKS,National,7.0
2278,44,1070.9,15724,118.35999999999999,7,24.338636363636365,0.09952407379378772,12.976744186046512,99,BEEF,National,3.0
2279,55,904.35,427,230.35000000000002,3,16.44272727272727,0.20300519961223232,10.87037037037037,98,SOFT DRINKS,National,2.0
2280,223,11793.130000000001,231290,2939.16,0,52.88399103139014,0.1995046255538005,2.8468468468468466,170,CIGARETTES,National,13.0
2281,94,4497.08,1730,778.92,2,47.84127659574468,0.14763457164518573,6.172043010752688,140,CHEESE,National,2.0
2282,71,978.8100000000001,537,92.56,1,13.786056338028168,0.08639405620840605,8.128571428571428,95,VEGETABLES - ALL OTHERS,National,2.0
2283,16,1356.03,59079,165.03,2,84.751875,0.10849670624432961,41.93333333333333,117,COUPON/MISC ITEMS,National,0.0
2284,251,16479.79,184779,2045.81,1,65.65653386454184,0.11043151099019734,2.3,222,SOFT DRINKS,National,10.0
2285,67,1801.04,119020,366.99,3,26.881194029850747,0.16927348791299016,9.06060606060606,114,COUPON/MISC ITEMS,National,0.0
2286,26,989.26,24443,112.78999999999999,24,38.04846153846154,0.10234562860124313,24.0,96,SINUS AND ALLERGY,National,1.0
2287,30,750.82,356,141.38,6,25.027333333333335,0.15846222819995515,19.75862068965517,79,CHEESES,National,0.0
2288,152,2042.3700000000001,12890,408.65999999999997,0,13.436644736842107,0.16672990538671495,4.0,131,BEEF,National,4.0
2289,84,2330.02,1046,621.76,0,27.738333333333333,0.21063900426183524,6.891566265060241,133,INFANT FORMULA,National,3.0
2290,68,906.98,10887,137.82,15,13.337941176470588,0.1319104134762634,8.746268656716419,80,SOFT DRINKS,National,0.0
2291,55,439.03000000000003,190,43.58,18,7.982363636363637,0.09030065684507159,11.0,49,REFRGRATD JUICES/DRNKS,National,0.0
2292,104,1240.85,150387,201.64999999999998,1,11.931249999999999,0.13979202772963603,6.038834951456311,93,COUPON/MISC ITEMS,Private,0.0
2293,41,2164.07,58223,241.75000000000003,10,52.782195121951226,0.10048548935498085,15.1,106,INFANT FORMULA,National,1.0
2294,186,8381.66,297380,1155.32,1,45.06268817204301,0.12114107400875329,3.4324324324324325,178,COUPON/MISC ITEMS,Private,6.0
2295,97,7985.93,153816,1597.2,1,82.32917525773196,0.16666788408380143,6.614583333333333,182,BEEF,National,9.0
2296,216,12668.17,22638,2120.15,1,58.64893518518519,0.14336652168738573,2.66046511627907,194,BEEF,National,8.0
2297,41,641.21,273,107.3,18,15.639268292682928,0.14335145823035098,16.275,62,MISC WINE,National,0.0
2298,79,2595.22,1171,518.8900000000001,1,32.85088607594936,0.16662545639042942,7.82051282051282,111,BEEF,National,2.0
2299,59,1916.46,1118,324.58000000000004,2,32.482372881355936,0.14483454110591512,9.741379310344827,127,YOGURT,National,1.0
2300,115,4418.61,14471,947.38,5,38.42269565217391,0.17655269577468463,5.166666666666667,158,CHEESE,National,7.0
2301,132,4137.16,108969,820.5899999999999,4,31.34212121212121,0.1655166154001311,4.9541984732824424,133,SOFT DRINKS,National,5.0
2302,74,1960.24,17353,509.3,0,26.48972972972973,0.20623273970051104,8.123287671232877,150,SOFT DRINKS,National,2.0
2303,61,1992.97,11443,274.15,7,32.671639344262296,0.12092434454285612,10.033333333333333,119,SOFT DRINKS,National,3.0
2304,88,240.09,4761,43.32,109,2.7282954545454547,0.15285275748914998,5.655172413793103,35,TICKETS,National,0.0
2305,119,6053.9,46453,1590.65,10,50.87310924369748,0.20807634196911529,5.686440677966102,155,CIGARETTES,National,9.0
2306,8,62.06,45,11.559999999999999,342,7.7575,0.1570225482205922,45.42857142857143,15,COFFEE,Private,0.0
2307,173,5892.28,317940,1161.46,5,34.05942196531792,0.16465874840864564,3.877906976744186,147,COUPON/MISC ITEMS,National,9.0
2308,30,571.57,194,68.52000000000001,1,19.052333333333333,0.10704744645284257,22.413793103448278,70,CHICKEN,National,0.0
2309,12,275.01,110,88.57000000000001,47,22.9175,0.24360525881511638,54.27272727272727,47,SOFT DRINKS,National,0.0
2310,69,1340.4,738,299.16999999999996,17,19.42608695652174,0.1824685740773495,9.294117647058824,99,BEEF,National,1.0
2311,56,1795.26,142488,255.12,58,32.058214285714286,0.12442571620870277,9.727272727272727,88,COUPON/MISC ITEMS,National,0.0
2312,302,13930.710000000001,5880,2442.56,0,46.12817880794702,0.14917973013332095,1.956810631229236,199,FITNESS&DIET,National,8.0
2313,10,104.47,23730,13.03,20,10.447,0.11089361702127659,61.77777777777778,16,COUPON/MISC ITEMS,Private,0.0
2314,85,4997.84,15947,797.3199999999999,0,58.798117647058824,0.1375837768068526,6.928571428571429,152,CHEESE,National,4.0
2315,5,188.69,39,26.28,0,37.738,0.12224961622551984,141.0,22,SEAFOOD - FROZEN,National,0.0
2316,27,751.89,7571,99.65,106,27.84777777777778,0.11702327547737042,20.73076923076923,85,MAKEUP AND TREATMENT,National,1.0
2317,143,13129.73,266814,2917.6,5,91.8162937062937,0.18181217685434276,4.71830985915493,179,COUPON/MISC ITEMS,National,17.0
2318,366,10685.72,196685,1843.35,61,29.195956284153002,0.14712584413687527,1.5863013698630137,186,COUPON/MISC ITEMS,National,13.0
2319,115,1134.63,601,207.32999999999998,13,9.866347826086958,0.15449789859608332,5.7894736842105265,108,FLUID MILK PRODUCTS,National,2.0
2320,24,366.6,161,37.059999999999995,49,15.275,0.09180993905762273,24.956521739130434,64,HOUSEHOLD CLEANG NEEDS,National,0.0
2321,15,298.64,125,32.3,22,19.909333333333333,0.09760077355411856,43.92857142857143,60,BEERS/ALES,National,0.0
2322,316,23300.1,992617,2338.87,3,73.73449367088607,0.09122324336742077,1.9492063492063492,242,COUPON/MISC ITEMS,National,10.0
2323,28,723.05,159732,47.06,6,25.823214285714283,0.061108153380685884,21.11111111111111,58,COUPON/MISC ITEMS,Private,0.0
2324,138,2595.18,14309,487.85999999999996,8,18.805652173913042,0.15823991904094659,4.905109489051095,146,DELI MEATS,National,9.0
2325,2,45.56,13,5.07,6,22.78,0.10013825794983211,6.0,10,FROZEN PIZZA,National,0.0
2326,44,1176.25,9110,289.52,22,26.732954545454547,0.19752075700826185,12.813953488372093,106,REFRGRATD JUICES/DRNKS,National,0.0
2327,42,1257.75,40742,365.43,56,29.946428571428573,0.22513214800576645,15.146341463414634,110,COUPON/MISC ITEMS,National,1.0
2328,153,13446.6,133953,1196.47,1,87.88627450980393,0.08170895857221198,4.447368421052632,202,ISOTONIC DRINKS,National,11.0
2329,100,2722.37,48499,516.6700000000001,102,27.223699999999997,0.15951331258644538,5.232323232323233,147,CIGARETTES,National,5.0
2330,68,5214.79,502036,573.66,14,76.68808823529412,0.09910425070614759,9.059701492537313,163,COUPON/MISC ITEMS,National,6.0
2331,97,5584.91,428053,1509.7600000000002,8,57.576391752577315,0.21280200488535764,6.854166666666667,150,COUPON/MISC ITEMS,National,8.0
2332,16,353.8,20972,27.76,33,22.1125,0.07275395743788657,41.266666666666666,37,BEERS/ALES,National,0.0
2333,18,188.92,136,106.00999999999999,0,10.495555555555555,0.3594412233411318,37.05882352941177,42,SOFT DRINKS,National,0.0
2334,348,11315.24,4400,1731.51,2,32.51505747126437,0.13271581045087857,1.9279538904899136,186,BEEF,National,12.0
2335,44,1768.99,829,397.7,6,40.20431818181818,0.183551869441406,14.418604651162791,116,BEEF,National,0.0
2336,73,2194.82,1350,542.46,2,30.066027397260275,0.19817483048866028,9.416666666666666,117,SOFT DRINKS,National,2.0
2337,1195,11454.92,7195,1784.4,0,9.585707112970711,0.13478033615019502,0.4765494137353434,189,SOFT DRINKS,National,9.0
2338,64,1953.22,57096,308.81,13,30.5190625,0.13651896747611658,8.761904761904763,152,COUPON/MISC ITEMS,National,1.0
2339,8,248.24,161,51.089999999999996,6,31.029999999999998,0.1706811879865032,85.85714285714286,54,FROZEN PIZZA,National,0.0
2340,139,2712.97,179727,423.77,1,19.517769784172664,0.13509886060049606,4.77536231884058,138,COUPON/MISC ITEMS,National,0.0
2341,304,5609.05,45788,1555.63,1,18.450822368421054,0.21712484018825684,2.102310231023102,178,BEEF,National,12.0
2342,189,5656.58,966123,1046.98,2,29.928994708994708,0.15618268502109328,3.106382978723404,122,COUPON/MISC ITEMS,Private,2.0
2343,229,4421.02,326460,800.65,2,19.30576419213974,0.15333217150834885,2.473684210526316,165,COUPON/MISC ITEMS,National,5.0
2344,55,2514.15,40990,597.4599999999999,14,45.71181818181818,0.1920099241228817,10.5,141,SOFT DRINKS,National,3.0
2345,101,3984.04,30078,748.79,1,39.44594059405941,0.1582118943634147,6.6,152,BEEF,National,5.0
2346,29,1164.47,485,164.19,25,40.154137931034484,0.12357563259223578,22.428571428571427,82,COLD CEREAL,National,1.0
2347,83,2817.59,136756,594.42,0,33.94686746987952,0.17421402633638233,7.2926829268292686,128,COUPON/MISC ITEMS,National,1.0
2348,56,278.87,156,81.72,26,4.979821428571428,0.226628580936798,10.2,43,PREPAID WIRELESS&ACCESSORIES,Private,0.0
2349,66,1918.09,94754,323.79,1,29.061969696969697,0.1444278908772994,9.2,127,COUPON/MISC ITEMS,National,0.0
2350,42,1614.52,38841,382.43,14,38.44095238095238,0.1915070482485791,13.829268292682928,102,COUPON/MISC ITEMS,National,3.0
2351,309,15972.42,1016430,3325.68,1,51.69067961165049,0.17233199123229748,1.8896103896103895,200,COUPON/MISC ITEMS,National,10.0
2352,43,1255.85,499,176.69,4,29.20581395348837,0.12334036047859048,16.071428571428573,121,BEERS/ALES,National,0.0
2353,13,401.76,188,82.52000000000001,23,30.904615384615383,0.17039729082349056,52.583333333333336,70,SOFT DRINKS,National,0.0
2354,75,4581.2,317033,618.71,27,61.08266666666666,0.11898475165916335,7.581081081081081,127,COUPON/MISC ITEMS,National,5.0
2355,16,111.34,43,13.14,29,6.95875,0.10555912596401028,40.733333333333334,22,CRACKERS/MISC BKD FD,National,0.0
2356,98,2159.78,1250,667.65,66,22.03857142857143,0.2361331668688526,6.22680412371134,127,BEERS/ALES,National,2.0
2357,29,234.37,7293,35.97,21,8.081724137931035,0.13305467189465117,23.25,37,BEERS/ALES,National,0.0
2358,75,2367.22,715,552.46,24,31.56293333333333,0.18921936650591847,8.135135135135135,80,BEEF,National,2.0
2359,171,2785.18,171601,527.32,3,16.287602339181287,0.15919094339622644,3.3176470588235296,117,COUPON/MISC ITEMS,National,4.0
2360,333,9059.19,972564,1327.78,0,27.204774774774776,0.12783131172998477,1.9006024096385543,179,COUPON/MISC ITEMS,National,10.0
2361,88,4373.66,1578,535.29,0,49.70068181818181,0.10904368551319528,6.517241379310345,133,COLD CEREAL,National,7.0
2362,41,520.29,228,105.47,21,12.69,0.16854704679110202,16.475,72,MEAT - MISC,National,0.0
2363,43,843.76,322,115.09,4,19.622325581395348,0.12002920164780727,14.380952380952381,91,DOG FOODS,National,0.0
2364,112,7133.92,3081,1130.4299999999998,10,63.69571428571429,0.1367838971001954,5.27027027027027,164,BEEF,National,3.0
2365,7,313.65,132,35.06,458,44.80714285714286,0.10054199764847582,19.333333333333332,58,COFFEE,National,0.0
2366,162,5287.96,443040,907.6399999999999,0,32.641728395061726,0.14649751436503322,3.5962732919254656,145,COUPON/MISC ITEMS,National,9.0
2367,140,4436.17,17026,708.8399999999999,42,31.68692857142857,0.1377723269731254,4.338129496402877,145,INFANT FORMULA,National,7.0
2368,27,1377.69,635,229.97000000000003,10,51.025555555555556,0.1430464152868144,22.846153846153847,90,BEEF,National,0.0
2369,72,2507.57,227946,254.43,20,34.82736111111112,0.09211803041274438,7.802816901408451,117,COUPON/MISC ITEMS,National,3.0
2370,163,5127.15,317876,1874.44,0,31.45490797546012,0.26771633300436043,3.6358024691358026,149,COUPON/MISC ITEMS,National,5.0
2371,96,2116.27,857,214.79,22,22.044479166666665,0.09214263039132412,6.926315789473684,108,SOFT DRINKS,National,6.0
2372,66,2875.67,23634,582.26,2,43.570757575757575,0.16838397538411706,8.738461538461538,149,INFANT FORMULA,National,3.0
2373,123,2559.66,80190,701.06,10,20.810243902439023,0.21500159473981206,4.565573770491803,125,COUPON/MISC ITEMS,Private,2.0
2374,81,6249.35,33372,1258.6699999999998,0,77.15246913580248,0.167643399990943,8.3875,160,SOFT DRINKS,National,6.0
2375,109,2742.7,1106,464.97,0,25.162385321100917,0.14495568434408776,6.314814814814815,127,BEEF,National,2.0
2376,169,3682.73,178248,669.3199999999999,4,21.79130177514793,0.15379418894543948,3.613095238095238,158,COUPON/MISC ITEMS,National,3.0
2377,79,1069.07,63943,220.2,11,13.53253164556962,0.17079432547100296,8.26923076923077,93,COUPON/MISC ITEMS,Private,2.0
2378,141,7784.62,36673,1654.79,4,55.21007092198582,0.17530650750417665,4.514285714285714,177,BEERS/ALES,National,9.0
2379,53,1238.82,46998,267.17,21,23.373962264150943,0.17740489644685556,11.26923076923077,106,COUPON/MISC ITEMS,National,2.0
2380,167,4720.49,577693,1375.0300000000002,3,28.26640718562874,0.22558042628028455,3.6204819277108435,135,COUPON/MISC ITEMS,Private,6.0
2381,87,1996.63,61629,610.61,6,22.94977011494253,0.23419784906644572,6.674418604651163,118,COUPON/MISC ITEMS,National,4.0
2382,36,822.64,14472,139.32999999999998,81,22.85111111111111,0.1448381966173581,16.2,78,SPRING/SUMMER SEASONAL,National,0.0
2383,18,555.64,187,298.58,34,30.86888888888889,0.3495352485308234,35.705882352941174,52,PREPAID WIRELESS&ACCESSORIES,National,0.0
2384,18,791.27,389,137.21,240,43.95944444444444,0.14777916594864726,24.058823529411764,81,COLD CEREAL,National,1.0
2385,303,6090.36,344164,746.0,6,20.10019801980198,0.10912239846936089,1.9403973509933774,163,COUPON/MISC ITEMS,National,3.0
2386,47,1020.89,25258,215.57,0,21.721063829787234,0.17434449961988255,12.304347826086957,88,COUPON/MISC ITEMS,National,1.0
2387,31,844.79,435,231.87,18,27.251290322580648,0.21536046662827638,20.733333333333334,77,SOFT DRINKS,National,0.0
2388,61,1656.35,725,260.18,7,27.153278688524587,0.13575576693294653,9.366666666666667,117,INFANT FORMULA,National,1.0
2389,60,1466.52,4493,410.11,16,24.442,0.21853535326622722,10.796610169491526,120,SPICES & EXTRACTS,National,0.0
2390,47,1046.59,15467,121.75,59,22.26787234042553,0.10420767927144496,13.021739130434783,124,SOFT DRINKS,National,2.0
2391,54,633.92,44890,234.24,76,11.739259259259258,0.26981201621820866,10.962264150943396,60,COUPON/MISC ITEMS,National,2.0
2392,37,1360.17,22693,282.69,1,36.76135135135135,0.1720718746576093,18.61111111111111,82,BEEF,National,0.0
2393,53,3483.6,1394,472.81,11,65.72830188679245,0.1195048035972005,11.346153846153847,152,BEEF,National,3.0
2394,83,1522.23,376497,60.27999999999999,9,18.340120481927713,0.03809138646833195,7.146341463414634,76,COUPON/MISC ITEMS,Private,1.0
2395,221,5058.42,2769,925.4,0,22.888778280542986,0.15465037384145913,2.8,170,NO COMMODITY DESCRIPTION,National,10.0
2396,17,550.48,268,111.88,41,32.38117647058824,0.1689111661332206,37.375,77,CHEESE,National,0.0
2397,33,983.0,352,93.50999999999999,1,29.78787878787879,0.08686403284688483,21.1875,84,DELI MEATS,National,0.0
2398,75,2035.1,881,393.11,38,27.134666666666664,0.16189291700470718,7.378378378378378,108,CHEESE,National,1.0
2399,10,188.49,76,26.14,0,18.849,0.12179098914410848,74.0,32,PORK,National,0.0
2400,362,13721.46,882416,3706.71,0,37.90458563535912,0.21268498069504718,1.6066481994459834,163,COUPON/MISC ITEMS,National,6.0
2401,62,678.47,15995,98.69,5,10.943064516129033,0.126988007617479,10.524590163934427,55,BEEF,National,0.0
2402,35,1038.83,462,178.53,23,29.68085714285714,0.14665341394493003,17.88235294117647,88,BEERS/ALES,National,0.0
2403,10,118.69,57,16.95,81,11.869,0.12496313771748747,54.44444444444444,24,FROZEN PIZZA,National,0.0
2404,17,550.69,30162,149.55,11,32.39352941176471,0.21356963326859363,36.3125,58,SOFT DRINKS,National,0.0
2405,144,3264.36,221606,491.26,10,22.66916666666667,0.13080663112881494,4.4125874125874125,116,COUPON/MISC ITEMS,National,3.0
2406,135,4643.17,155679,587.3999999999999,0,34.39385185185185,0.11230133618324578,4.977611940298507,157,COUPON/MISC ITEMS,National,6.0
2407,169,6380.72,462778,2601.5699999999997,4,37.75573964497042,0.2896332672403139,3.5297619047619047,123,COUPON/MISC ITEMS,National,6.0
2408,24,1863.7,665,336.36,13,77.65416666666667,0.1528867394525604,24.304347826086957,98,BEEF,National,0.0
2409,7,837.42,468,274.09999999999997,186,119.63142857142859,0.246599251475457,77.16666666666667,98,CHEESE,National,0.0
2410,61,2540.25,26583,453.46999999999997,6,41.64344262295082,0.15147375172026775,10.716666666666667,141,INFANT FORMULA,National,4.0
2411,74,1965.38,714,186.77,99,26.55918918918919,0.08678298445740307,7.438356164383562,130,REFRIGERATED,National,2.0
2412,268,12388.14,6257,3316.98,0,46.224402985074626,0.2112037348329717,2.1760299625468167,195,SOFT DRINKS,National,9.0
2413,16,301.41,142,33.769999999999996,65,18.838124999999998,0.10075183483501401,40.46666666666667,55,SEAFOOD-FRESH,National,0.0
2414,6,178.68,110,36.5,83,29.78,0.16962542987266474,116.8,47,PROCESSED,National,0.0
2415,122,1635.2,751,204.85,25,13.40327868852459,0.11132849650824705,4.743801652892562,105,CIGARETTES,National,1.0
2416,104,4158.57,108036,574.46,2,39.98625,0.12137256683350836,6.165048543689321,149,BEERS/ALES,National,4.0
2417,8,188.38,82,33.400000000000006,259,23.5475,0.15059969338984583,58.714285714285715,43,BEEF,National,0.0
2418,106,1505.17,862,242.8,1,14.199716981132076,0.1389039857663461,5.666666666666667,96,SOFT DRINKS,National,0.0
2419,64,1113.67,24953,166.7,31,17.40109375,0.13019674000484233,9.047619047619047,90,BEERS/ALES,National,2.0
2420,102,4583.46,58729,805.27,17,44.93588235294118,0.14943595244148436,6.237623762376238,124,BEEF,National,5.0
2421,77,8128.6900000000005,3588,1598.0,4,105.56740259740259,0.16429021589050333,8.355263157894736,169,BEEF,National,9.0
2422,5,368.07,13136,45.75,242,73.614,0.1105553139045962,103.75,58,COUPON/MISC ITEMS,National,0.0
2423,55,2695.32,31468,631.11,30,49.005818181818185,0.18972592238525987,10.703703703703704,113,SOFT DRINKS,National,2.0
2424,109,3956.19,1700,481.08000000000004,0,36.295321100917434,0.10841801377874233,5.833333333333333,177,FRZN MEAT/MEAT DINNERS,National,6.0
2425,114,4184.92,422888,564.58,0,36.70982456140351,0.1188714601537004,5.132743362831858,153,COUPON/MISC ITEMS,National,3.0
2426,109,2324.83,191447,383.74,3,21.328715596330273,0.14167623506130544,5.296296296296297,87,CHEESE,National,3.0
2427,329,8336.24,624498,2036.13,1,25.338115501519756,0.1963032556686659,2.0640243902439024,169,COUPON/MISC ITEMS,National,12.0
2428,18,317.68,98639,20.619999999999997,54,17.64888888888889,0.060951817913094876,33.05882352941177,13,COUPON/MISC ITEMS,Private,0.0
2429,63,1493.8700000000001,850,583.24,10,23.71222222222222,0.2807939878003572,10.596774193548388,123,BEEF,National,1.0
2430,60,1885.95,51075,379.99,28,31.4325,0.16769640855450718,10.067796610169491,123,FROZEN PIZZA,National,4.0
2431,40,967.17,492,169.32999999999998,16,24.17925,0.1489925208974923,15.256410256410257,90,NO COMMODITY DESCRIPTION,National,0.0
2432,235,4914.8,120761,1272.9499999999998,22,20.91404255319149,0.20572098097046582,2.3333333333333335,153,COUPON/MISC ITEMS,National,11.0
2433,30,609.75,314,141.94,65,20.325,0.18882784126435098,17.24137931034483,63,CANDY - PACKAGED,National,0.0
2434,23,771.51,433,196.38,11,33.54391304347826,0.20289495707156804,26.772727272727273,87,BEEF,National,0.0
2435,42,3113.16,55054,1073.77,2,74.12285714285714,0.25645759542194396,16.146341463414632,118,FLUID MILK PRODUCTS,Private,0.0
2436,15,972.68,20406,162.92000000000002,87,64.84533333333333,0.1434660091581543,34.42857142857143,105,DIAPERS & DISPOSABLES,National,0.0
2437,70,4447.99,1665,565.9000000000001,4,63.54271428571428,0.11286645698250264,9.057971014492754,163,SOFT DRINKS,National,4.0
2438,166,2597.5,218325,286.33,0,15.647590361445783,0.09928809950655898,3.484848484848485,131,COUPON/MISC ITEMS,National,3.0
2439,70,587.37,398,284.08,3,8.391,0.3259854265878708,9.101449275362318,57,FLUID MILK PRODUCTS,National,1.0
2440,129,2302.1,49646,295.77,1,17.845736434108527,0.11385096251929465,4.640625,114,FRZN MEAT/MEAT DINNERS,National,1.0
2441,94,1156.9,701,356.4,2,12.307446808510639,0.23551179541399586,6.946236559139785,107,FLUID MILK PRODUCTS,National,3.0
2442,34,533.43,214,165.48999999999998,2,15.689117647058822,0.2367796028157729,18.272727272727273,55,CAKES,National,0.0
2443,152,4029.19,352598,788.91,230,26.50782894736842,0.1637388182063469,2.728476821192053,136,COUPON/MISC ITEMS,National,6.0
2444,2,13.86,5,0.34,653,6.93,0.02394366197183099,0.0,3,CIGARETTES,National,0.0
2445,211,6302.72,200854,2064.41,6,29.870710900473934,0.24672856762115558,3.0761904761904764,178,COUPON/MISC ITEMS,National,9.0
2446,186,6335.32,812376,990.35,10,34.060860215053765,0.13518899977749477,3.2432432432432434,147,COUPON/MISC ITEMS,National,5.0
2447,128,7435.56,2261,969.7099999999999,3,58.0903125,0.11536928617403128,4.68503937007874,154,CIGARETTES,National,3.0
2448,194,9006.47,16682,2224.0,1,46.4251030927835,0.19803267361027635,3.4870466321243523,179,ICE CREAM/MILK/SHERBTS,National,10.0
2449,276,10571.82,22084,1304.1299999999999,0,38.303695652173914,0.109812688669117,2.367272727272727,191,FLUID MILK PRODUCTS,National,0.0
2450,82,3035.9,277693,743.5799999999999,7,37.02317073170732,0.1967413506619958,7.160493827160494,162,COUPON/MISC ITEMS,National,1.0
2451,190,8123.52,82637,1802.21,11,42.75536842105264,0.18156951680128314,3.417989417989418,186,COUPON/MISC ITEMS,National,9.0
2452,138,2842.83,5677,413.06,4,20.600217391304348,0.1268654653566306,4.678832116788321,128,DIAPERS & DISPOSABLES,National,7.0
2453,102,4254.37,1545,627.3,0,41.70950980392157,0.1285011072030678,5.752475247524752,190,CANDY - PACKAGED,National,5.0
2454,28,380.71,208,44.68,44,13.596785714285714,0.10503302851500976,20.51851851851852,51,HOT CEREAL,National,0.0
2455,103,5131.06,39104,763.87,4,49.81611650485437,0.1295808431991559,5.862745098039215,152,FLUID MILK PRODUCTS,National,7.0
2456,74,1216.05,673,203.0,12,16.433108108108108,0.14305345125259858,8.123287671232877,106,LUNCHMEAT,National,1.0
2457,77,1540.47,14772,345.9,4,20.006103896103898,0.18336805610776252,8.078947368421053,113,DELI MEATS,National,1.0
2458,52,1049.39,416,125.76000000000002,0,20.180576923076924,0.10701612560098711,13.058823529411764,97,SOFT DRINKS,National,0.0
2459,968,20559.420000000002,488743,4069.9799999999996,4,21.23907024793388,0.1652488489366367,0.6659772492244054,233,COUPON/MISC ITEMS,National,15.0
2460,25,886.7,231,86.95,5,35.468,0.0893031376778103,17.375,59,SOFT DRINKS,National,0.0
2461,20,965.62,486,155.57999999999998,13,48.281,0.13876204067070994,33.78947368421053,88,FRZN MEAT/MEAT DINNERS,National,0.0
2462,178,10761.01,54056,2098.12,2,60.45511235955056,0.16316189353401045,3.542372881355932,178,DOMESTIC WINE,National,9.0
2463,12,158.42,15096,22.869999999999997,188,13.201666666666666,0.12615147002040927,36.18181818181818,32,COUPON/MISC ITEMS,National,0.0
2464,47,1058.29,17302,158.67000000000002,11,22.516808510638295,0.13038226400210362,12.130434782608695,94,CANDY - PACKAGED,National,0.0
2465,162,2017.2,106065,463.83000000000004,3,12.451851851851853,0.18695058100869397,4.024844720496894,113,COUPON/MISC ITEMS,National,0.0
2466,94,2503.01,1077,336.49,0,26.62776595744681,0.11850325761577743,6.129032258064516,112,DIAPERS & DISPOSABLES,National,4.0
2467,371,12117.630000000001,47769,4475.96,5,32.66207547169811,0.26974030333399823,1.5972972972972972,185,SOFT DRINKS,National,12.0
2468,90,2506.89,1360,653.96,21,27.854333333333333,0.20689371529810022,6.595505617977528,140,CANNED JUICES,National,2.0
2469,35,625.07,252,125.05,30,17.859142857142857,0.1667066602676905,18.529411764705884,67,BEEF,National,0.0
2470,85,925.1800000000001,42521,174.57999999999998,7,10.884470588235295,0.15874372590383354,7.107142857142857,77,COUPON/MISC ITEMS,National,2.0
2471,47,865.66,5597,187.52999999999997,1,18.418297872340425,0.17805903967945003,14.608695652173912,99,CHEESE,National,0.0
2472,37,1122.73,497,209.5,7,30.344054054054055,0.15725512861893218,16.0,113,MEAT - MISC,National,1.0
2473,9,330.68,136,53.36,80,36.742222222222225,0.1389438600145818,74.875,62,NO COMMODITY DESCRIPTION,National,0.0
2474,48,499.9,334,331.44,28,10.414583333333333,0.39868164649842425,11.425531914893616,51,FRZN MEAT/MEAT DINNERS,National,2.0
2475,123,5017.15,17304,766.29,2,40.78983739837398,0.13249726806191472,4.860655737704918,160,BAG SNACKS,National,3.0
2476,14,403.26,77229,42.589999999999996,202,28.804285714285715,0.09552540091959179,28.307692307692307,34,COUPON/MISC ITEMS,Private,0.0
2477,39,1735.78,85805,336.19,9,44.507179487179485,0.16225621027331477,17.236842105263158,109,COUPON/MISC ITEMS,National,1.0
2478,142,3215.21,1782,593.33,4,22.64232394366197,0.15578935760160062,4.74468085106383,128,FRZN MEAT/MEAT DINNERS,National,5.0
2479,130,13626.32,365898,1701.0300000000002,5,104.81784615384615,0.1109800454742666,4.395348837209302,196,DIAPERS & DISPOSABLES,National,11.0
2480,28,1591.21,15454,221.74,139,56.82892857142857,0.12230894398632064,17.77777777777778,106,CANDY - PACKAGED,National,0.0
2481,139,5048.94,436158,1068.6399999999999,3,36.32330935251798,0.17468345326092996,4.086956521739131,146,COUPON/MISC ITEMS,National,4.0
2482,71,2728.77,1526,591.15,1,38.43338028169014,0.17806151955468805,9.6,118,SOFT DRINKS,National,3.0
2483,73,1363.85,729,217.86,2,18.682876712328767,0.13773700615157014,9.444444444444445,90,COLD CEREAL,National,1.0
2484,150,7285.08,330817,1218.27,0,48.5672,0.14326941734728077,4.033557046979865,179,COUPON/MISC ITEMS,National,5.0
2485,78,1432.57,35326,234.49999999999997,3,18.36628205128205,0.1406659588379612,8.012987012987013,132,COUPON/MISC ITEMS,National,3.0
2486,79,3106.66,51554,803.13,0,39.32481012658228,0.2054151245974848,8.243589743589743,156,BEEF,National,4.0
2487,25,568.5600000000001,18370,127.01,21,22.742399999999996,0.18259844444124962,25.541666666666668,80,SOFT DRINKS,National,0.0
2488,114,5892.93,259451,753.66,13,51.692368421052635,0.11339047541671744,5.380530973451328,166,COUPON/MISC ITEMS,National,9.0
2489,130,9236.710000000001,205686,1623.74,8,71.05161538461537,0.1495094586320088,4.6976744186046515,197,COUPON/MISC ITEMS,National,16.0
2490,31,591.7,350,130.99,33,19.08709677419355,0.18125337281545337,18.133333333333333,90,PORK,National,0.0
2491,60,950.77,502,171.1,113,15.846166666666667,0.15251321454357458,8.59322033898305,68,BAG SNACKS,National,0.0
2492,123,2621.3,50364,389.09000000000003,4,21.31138211382114,0.12924903417829584,5.409836065573771,118,DELI MEATS,National,1.0
2493,111,2588.73,86014,421.75,140,23.32189189189189,0.1400939385081449,4.7727272727272725,107,BEEF,National,2.0
2494,33,1975.64,48913,391.06000000000006,3,59.867878787878794,0.16523429247475388,17.6875,131,SOFT DRINKS,National,2.0
2495,20,209.0,90,33.58,39,10.45,0.1384285596504246,30.210526315789473,36,FROZEN PIZZA,National,0.0
2496,63,4339.66,130304,1115.09,0,68.88349206349206,0.20442550071039,9.129032258064516,139,BEEF,National,5.0
2497,217,6910.67,61204,1325.68,6,31.846405529953916,0.16095479186775696,2.7731481481481484,175,SOFT DRINKS,National,3.0
2498,165,2535.86,31323,274.0,2,15.368848484848485,0.09751375513370772,3.5121951219512195,132,FLUID MILK PRODUCTS,National,6.0
2499,87,3091.9,143287,442.68,10,35.53908045977012,0.12524260308155424,7.011627906976744,139,COUPON/MISC ITEMS,National,2.0
2500,104,5070.11,247197,866.52,6,48.75105769230769,0.1459615977414796,5.805825242718447,167,COUPON/MISC ITEMS,National,8.0
